accuracy,precision_macro,recall_macro,f1_macro,f1_weighted,AUC_ovr_macro,experiment,n_features,f1_macro_drop_vs_all
0.8568333333333333,0.8508234016629389,0.7890331425817892,0.8149502702932541,0.8557309016450579,0.9832083132479605,All features,54,0.0
0.8502222222222222,0.8349170419489305,0.7855620256327622,0.8069282911243701,0.849300113063221,0.9813681898396148,Topographic + soil,50,0.00802197916888392
0.83675,0.8337534724832978,0.7509827080014569,0.7838197184183323,0.8353952955762743,0.973006519013727,Topographic + wilderness,14,0.031130551874921752
0.8204166666666667,0.8203722240282535,0.7265514705755566,0.7644145615621598,0.8189457548208089,0.9727641749638937,Topographic only,10,0.05053570873109425
0.6181111111111111,0.46184995811041124,0.3194238933635801,0.27910571722703437,0.5828800198586859,0.8733071710687929,Soil only,40,0.5358445530662197
0.53525,0.24722358471564904,0.2347297646024406,0.2031503084861797,0.4233083471113538,0.7409324129790508,Wilderness only,4,0.6117999618070744
