algorithm,k,inertia,silhouette,calinski_harabasz,ARI_vs_Target,ARI_vs_Wilderness
MiniBatchKMeans,2,55308.02734375,0.1910887062549591,1340.066162109375,0.0025953068322597094,0.03907533123495989
MiniBatchKMeans,3,50851.33203125,0.16914702951908112,991.9791259765625,-0.0013803382596969424,0.035641437999141656
MiniBatchKMeans,4,45429.984375,0.1534317284822464,982.8818969726562,0.025860348796736956,0.11500964628296588
MiniBatchKMeans,5,43674.35546875,0.11527521908283234,828.210205078125,0.004629753964731377,0.11697802805239133
MiniBatchKMeans,6,40143.55859375,0.1332630217075348,825.9479370117188,0.00871292496427289,0.06902777936258589
MiniBatchKMeans,7,37469.421875,0.13504092395305634,807.3114624023438,0.03689661699502847,0.07177227715084736
MiniBatchKMeans,8,35915.18359375,0.12191217392683029,759.3392333984375,0.029073081981353603,0.0826373890920698
MiniBatchKMeans,9,35148.83984375,0.11774221062660217,694.8576049804688,0.026908181367205748,0.07174811834856774
MiniBatchKMeans,10,33755.6953125,0.1202198714017868,671.0831909179688,0.01324600652422477,0.15417808479974057
