model,train_accuracy,test_accuracy,cv_accuracy_mean,cv_accuracy_std,cv_auc_mean,cv_auc_std,train_test_gap
Logistic Regression,0.910271546635183,0.9228650137741047,0.9049586776859504,0.01041744925685348,0.9508436890180603,0.006107224526078947,-0.012593467138921732
Decision Tree,0.9134199134199135,0.8943985307621671,0.8870523415977962,0.01444640286735746,0.9135490080226145,0.003801932831583486,0.019021382657746333
