model,brier_score,expected_calibration_error,max_calibration_error,mean_predicted_risk,observed_dropout_rate
Logistic Regression,0.05820113185548839,0.03120297040149481,0.22344992326913954,0.4151976656585199,0.39118457300275483
Decision Tree,0.08908668208503068,0.02497930444919436,0.15000000000000002,0.39980165602828394,0.39118457300275483
"Random Forest, tuned",0.06827003367003368,0.06229568411386591,0.20552845528455288,0.4030180593816957,0.39118457300275483
