algorithm,k,silhouette,calinski_harabasz,ARI_vs_Target
K-Means,2,0.11111841919684048,233.6331132392609,0.07169197941149556
Agglomerative Ward,2,0.4105911736271922,193.51714195069715,0.0012443702918897481
