model,n_cv_sample,accuracy_mean,accuracy_std,f1_macro_mean,f1_macro_std,AUC_ovr_macro_mean,AUC_ovr_macro_std
Random Forest,36000,0.8441111111111111,0.0022662308949301527,0.755312071224011,0.01162805119560377,0.9776563815986442,0.0002934290195668689
HistGradientBoosting,36000,0.8261111111111111,0.0023885658696339595,0.7387039265473326,0.010034806186818167,0.9728526562343829,0.0008957687568309668
Decision Tree,36000,0.6928611111111111,0.0019747636207973276,0.5689573508142772,0.012394589269872044,0.9065395631056888,0.0007235600375409918
Logistic Regression,36000,0.5983055555555555,0.008566821586724263,0.4956475901726883,0.0154936115063371,0.9245437158801922,0.0014098981030958506
