correct,count,mean,median,min,max
False,3515,0.5948094529727208,0.5757653260027589,0.2540747873940419,0.9652722869708222
True,32485,0.7942408837918877,0.8213000563300737,0.2904007246100085,0.9994374984434468
