Cover_Type,count,Cover_Type_Name,proportion
1,211840,Spruce/Fir,0.36460520608868663
2,283301,Lodgepole Pine,0.48759922342395684
3,35754,Ponderosa Pine,0.06153745533655071
4,2747,Cottonwood/Willow,0.004727957426008413
5,9493,Aspen,0.016338733107061472
6,17367,Douglas-fir,0.02989094889606411
7,20510,Krummholz,0.03530047572167184
