accuracy,precision_macro,recall_macro,f1_macro,f1_weighted,AUC_ovr_macro,model,split,n
0.5942261904761905,0.45004263416226326,0.694700644738924,0.47313834726525705,0.6242632886791782,0.9230005988537747,Logistic Regression,train,84000
0.5926944444444444,0.4474570962214918,0.690455178395136,0.47066113125630077,0.6235263352846867,0.9227380010374621,Logistic Regression,test,36000
0.5931633081588676,0.4491383953747556,0.6926308072998664,0.47176758832717375,0.6237156711269076,0.9225790966496624,Logistic Regression,full,581012
0.8255357142857143,0.6514181949316952,0.8993553204861459,0.7273334143713285,0.8338592609391203,0.9853348709171941,Decision Tree,train,84000
0.7754722222222222,0.5963691619310856,0.8157312286203056,0.6633517237728868,0.7849686244002062,0.9424620863902514,Decision Tree,test,36000
0.7821284241977791,0.6035602099389212,0.8278677866848037,0.6712928326968554,0.7915441752387357,0.9488611016351153,Decision Tree,full,581012
