tsne_1,tsne_2,Cover_Type
73.628494,31.093431,1
-4.081744,-24.876802,3
-22.282825,-58.40113,6
21.92185,-39.799892,1
43.38287,-24.66812,1
17.248997,10.285311,2
-6.666041,-59.359344,6
9.582606,74.774956,5
64.77299,-1.682477,5
-4.008176,-20.876926,3
3.887002,-69.55178,6
20.974005,42.248493,1
-4.71845,-15.837631,3
-20.009224,44.23754,5
65.00131,7.286887,2
15.884447,25.116863,7
-74.91237,-3.4651248,4
31.674992,-8.286567,7
-67.88493,-22.979757,4
-23.313408,-64.044754,4
-18.867924,-10.837404,6
-6.5505924,-72.85642,4
-6.2928495,21.03819,1
74.82307,37.36723,2
-19.077938,-8.098672,5
28.578506,63.54962,5
-43.79527,-44.00752,4
67.20495,-7.722643,1
20.505003,45.133896,2
-36.958286,-18.395182,3
35.90951,58.932137,1
14.255959,65.24919,5
-18.109352,-56.7014,6
30.89165,50.218197,1
-3.0147867,19.2695,6
3.2889125,38.695454,7
57.520016,27.638437,2
-9.42142,54.233166,2
-20.908672,-37.911583,4
-21.712631,11.308987,5
-77.22003,-16.295103,4
27.77444,22.028437,7
50.40493,35.984364,2
53.196888,20.726513,1
-18.781439,6.3014817,5
14.143851,62.394547,5
-55.122936,19.000565,6
68.247345,26.673298,2
-59.75893,18.583569,3
19.980621,30.10999,1
-55.036182,-27.240469,4
29.869232,-39.41271,2
-6.9298286,-64.5594,6
-21.117523,44.862957,5
21.584114,-30.480156,2
38.396015,43.225426,1
34.032734,-29.267387,7
34.216053,-18.166704,7
-48.51097,9.266258,6
-38.853924,-16.925148,6
72.46708,28.506733,2
-1.8874713,-67.00434,4
-20.655643,-8.372571,3
13.189915,-8.292128,7
-28.581367,24.391987,6
20.657436,9.88952,7
7.021643,22.393688,1
-33.2673,-45.487164,4
62.66485,8.429722,2
-23.858543,-6.081123,3
4.2600546,61.57834,7
27.047075,64.63241,5
17.92979,37.017582,7
-10.602827,-56.377666,2
-57.958885,-14.754989,6
-21.965992,12.0052395,5
-6.097344,-72.946045,3
-41.86542,-42.984768,4
-57.281307,19.905415,6
18.117928,-28.91762,5
2.8709445,32.411015,7
52.765003,53.263287,2
-46.978645,4.6268272,6
15.060139,-5.383375,7
-8.253358,2.9162266,5
-3.586783,56.69901,7
28.094814,-22.025255,5
-35.21219,4.6097445,3
52.187454,-15.674691,2
41.56466,54.307545,5
32.86092,-18.417639,1
-18.812178,6.311971,3
54.28676,50.760094,2
48.202286,-26.53828,1
31.163017,39.165398,7
-33.728397,2.5928493,3
-32.399796,2.0123377,3
9.30999,20.230425,7
16.521414,11.997344,1
38.197647,43.282818,1
-77.35713,-16.416973,4
15.443439,69.26272,5
-9.812551,2.1555254,6
-62.572495,15.521464,4
27.490904,-26.639645,1
-27.548353,-50.77865,4
-21.961672,15.060529,3
30.362938,9.863883,7
-57.88799,-25.123196,3
-78.84742,-2.0118685,4
-22.047924,11.375174,5
-5.693069,48.5849,5
-66.58052,-30.51788,4
67.57325,21.19629,1
58.48086,27.993456,1
2.7920609,-73.125916,3
-69.35064,-0.69610864,3
34.925243,1.8385798,7
-19.26715,49.34289,2
14.627094,-23.573479,1
44.70153,-2.4919975,7
0.7570577,8.9262495,1
-25.937557,36.80886,3
11.526202,77.047386,5
9.138419,-36.141598,5
-40.792255,-18.840939,3
32.671696,18.29428,7
8.771385,-36.731857,5
47.521694,17.411404,1
-8.551919,31.752806,5
-15.508788,39.537743,3
-7.673779,44.73931,7
12.20613,29.901247,7
19.141891,51.199165,7
32.81102,-46.541546,7
-66.35932,-29.763388,4
-63.080776,3.6387854,4
46.159477,-28.717402,1
66.56932,26.70024,2
13.149627,5.428442,7
-21.114792,26.127384,3
-46.934544,-14.222573,4
-74.45703,-7.8385,4
-55.328827,-25.560118,4
-0.5955366,15.514081,1
23.706516,-37.20639,1
-74.69972,-22.610905,4
-33.686314,1.9874394,3
-1.5902588,51.413403,7
-47.601246,-15.488564,4
21.6091,5.768136,7
10.2178545,-1.2933044,2
-66.05233,-28.783691,4
-17.20375,-34.383595,3
-71.89384,-27.168152,4
15.757955,68.956184,5
-17.66435,49.134792,5
-13.241564,23.86009,1
-11.746721,48.319843,5
-12.7606,17.886238,2
18.616844,64.580185,5
3.1684139,38.531864,7
15.709309,-23.324331,5
59.938103,9.883714,1
70.04872,26.157978,1
-8.193294,-13.85314,3
27.6046,-41.832565,2
-53.89356,16.075243,6
46.120007,16.625586,1
21.267694,41.538925,1
-10.179604,-44.12084,3
6.1794767,0.33123592,5
26.677471,-11.675819,1
29.973562,16.981962,7
-31.24703,17.594824,6
8.481559,-32.251648,5
64.94519,0.058725342,1
0.57778627,-18.901154,3
-15.451427,39.551426,3
-9.6262665,51.49575,1
-63.144688,1.0161328,4
8.2262125,18.81937,7
-67.324554,-9.891102,3
6.3265038,35.395287,7
-18.097164,30.64269,5
-61.39877,8.1896305,4
62.929306,-12.531534,1
-8.050113,-59.47052,3
-6.709981,-17.730549,3
-7.285264,21.045885,1
-18.830404,10.715052,5
25.441164,-42.959614,6
18.946608,30.003311,7
-46.31324,1.776056,6
-10.16141,-16.75117,3
24.82774,-15.088078,7
50.888733,24.98108,2
18.597172,30.21856,7
71.80197,28.977009,1
52.723656,50.54572,2
62.722435,34.971657,1
-74.51125,-20.12003,4
46.28252,-30.13741,2
21.016615,-28.814722,5
19.981995,-32.762615,1
20.983887,-46.95088,6
-18.774857,19.535994,2
-20.838324,34.095966,1
-20.58362,-3.764315,5
-46.106766,-33.55312,6
40.11775,29.48679,1
41.530003,47.09583,2
-46.155777,-43.5596,4
-38.74701,-23.285627,4
-42.791508,-14.926788,3
7.7172813,0.5667453,2
11.671327,-17.456085,2
-10.430911,10.14088,5
4.278334,-58.97762,3
4.7406235,-75.46235,6
14.738413,-43.03725,5
-23.638723,43.358826,5
-74.94142,-21.590134,4
-67.54733,-24.251427,4
36.823105,32.142315,7
-19.047604,8.698206,2
-44.827515,-43.01652,4
-23.302456,-6.504536,6
31.655296,39.06712,1
43.97496,33.192673,7
20.108347,65.10856,5
-21.35172,44.12992,5
-40.94236,-44.089165,4
18.391186,34.81948,7
-73.13182,6.2881174,3
-46.54078,-2.8699374,4
-59.2101,0.19411077,4
-8.392955,1.2635729,5
42.08603,-24.899057,2
-13.237707,11.873042,3
18.225456,-43.394184,6
12.639448,17.86413,7
33.743164,-25.96589,1
-19.162773,-33.524036,4
23.542536,-43.64579,2
3.3661776,-65.991295,2
-21.750952,-13.372761,3
54.677994,23.792513,2
-70.92929,-12.431094,4
-55.388878,23.904705,3
41.056812,54.5581,5
57.935493,-13.537528,2
-31.497972,-4.849986,3
10.8785925,76.05167,5
24.552238,-15.417409,1
44.45607,40.298264,2
-53.29267,-5.9686227,4
59.692703,27.63923,1
-8.851967,-15.489907,2
-30.74779,-58.55574,4
33.71798,39.525387,7
3.5284543,61.64628,7
66.92961,25.58156,1
4.801696,49.076424,1
-19.319027,5.6949553,3
22.177626,71.21674,1
-70.26007,-17.24223,4
-23.357056,43.78353,5
-31.631208,1.4598283,3
-16.177538,-72.332306,4
19.126154,45.04158,1
-79.95701,-0.647337,4
4.3111887,-32.441174,6
18.926254,29.323616,1
-60.520203,16.44378,3
-0.5012075,-67.0929,3
-59.127113,-18.935455,4
-46.642826,-13.52171,3
-3.704778,56.315254,7
6.759118,-73.569954,3
20.381708,-41.783894,6
-10.492338,-73.17301,4
44.29083,21.835934,7
-27.379557,-1.6132876,3
37.86346,42.781494,1
-70.74043,-16.980461,4
-34.961037,4.314629,6
22.228039,68.00608,5
-72.217316,-8.096487,4
63.143284,30.087418,7
-44.158157,-0.29410467,6
27.20699,59.644726,7
-39.209606,-47.197544,4
-55.9227,16.405817,6
17.569092,-46.065773,6
5.1678047,-15.927982,2
65.51866,1.0142254,2
-49.450363,14.843389,3
-14.675031,-41.173912,3
-11.386524,-39.95948,3
-30.71459,11.682803,6
-69.01752,-4.6472716,3
52.93938,-18.03921,2
78.51998,36.13451,5
-4.387271,-73.619026,6
-69.45905,-12.565736,4
-51.278164,11.402191,6
69.70358,28.992205,2
-46.92097,4.169622,6
33.20511,-41.554684,1
-22.009295,12.178061,5
-75.18347,-10.356234,4
4.864365,-69.04441,3
-0.5307497,-75.00599,6
-55.746025,26.232018,3
-9.272261,18.528513,1
3.4006689,20.209835,7
52.128983,0.59649694,7
-53.287045,-5.915496,4
16.701912,39.71212,7
-54.304924,18.470938,6
59.192585,35.06721,7
43.522087,-10.235633,7
-6.9831367,-71.378555,4
-20.398151,-31.902021,4
-43.558292,-13.223115,3
-41.711277,-29.713875,4
34.93053,-13.864607,7
-33.78457,-57.204266,4
-54.810394,22.079515,6
-19.051317,49.54224,5
-6.634232,-55.552097,3
17.828512,-33.365837,2
14.294295,64.49839,5
-46.909344,-33.266644,3
20.457716,8.213492,7
2.0168777,22.17026,1
60.66412,21.798279,1
-47.38193,-2.0123398,4
33.912254,32.80596,7
9.532831,-14.209278,7
17.402094,-21.66587,1
-11.614215,-44.390255,6
1.7470804,32.291595,7
-47.147778,-0.16746758,4
36.9608,56.977375,5
-9.830014,-59.062428,6
-15.75205,51.90615,5
16.900858,46.13952,1
-2.9880393,-61.772526,6
19.302933,0.9199982,5
60.726173,-16.019915,2
6.626723,2.9792564,2
-29.691473,0.8926999,3
28.773117,63.720833,5
32.49314,-14.908464,7
67.94296,8.435368,2
31.67138,-29.262922,1
30.18585,15.189723,7
31.66093,-38.39072,1
-10.136852,4.0121617,6
18.101387,-45.482117,6
8.247497,32.454487,7
3.6666539,-4.850331,5
1.5542226,-62.612423,6
11.163999,72.088,5
22.887169,-26.96349,2
-68.369095,-7.1761813,4
-72.53411,-8.829998,4
65.74802,-7.3401365,2
45.563282,1.9544632,7
7.145128,67.18438,5
-18.10472,31.109848,5
-49.940666,-4.0562587,4
-49.712685,13.529373,6
65.4623,-8.885091,1
-19.11452,-6.307918,3
-8.816564,16.709543,1
-28.100393,23.543137,2
25.69154,-16.021873,2
-27.285704,-63.862625,4
31.635927,56.03494,1
52.79073,50.284332,2
-8.37321,26.755028,2
13.086999,-7.19892,7
51.79863,-17.977587,1
24.475328,-25.155167,1
72.12882,28.568836,1
48.882748,-26.771212,7
-22.076126,-17.84247,3
17.419455,-20.726229,5
14.496082,-46.71212,5
20.870358,-33.479618,1
66.92978,27.763922,2
22.229183,43.439022,2
13.810737,40.34407,7
31.549269,-38.44412,1
41.7978,48.13189,2
-62.51373,2.191759,4
-56.76059,-19.285536,4
1.9845959,-22.909058,6
-78.06186,-1.7876582,4
-6.3385167,-18.387568,2
-8.603542,-57.801884,6
-13.640705,40.175648,3
-27.288054,-1.807378,6
25.900295,48.379868,7
25.62747,67.87942,2
-13.858942,37.755623,3
28.730927,2.131846,2
50.144176,19.126093,1
9.07057,-72.31465,3
-55.05379,21.323206,3
64.64627,8.719308,2
-79.34584,1.2174143,4
28.301643,-32.159233,2
4.6563935,-57.78817,3
4.0354266,41.46535,7
-31.848139,17.736132,2
13.622448,-34.67329,6
-22.058525,-13.4927435,3
-26.640543,-59.881992,4
-29.78685,-0.0957836,3
39.420578,45.74682,1
2.323509,33.253777,7
-70.5997,-27.009785,4
64.57275,-10.900906,1
-18.313745,-38.64121,3
-47.832882,-0.4983044,4
30.489754,-30.944569,1
-74.41842,-13.10686,4
0.7166105,12.197598,2
0.3057004,-72.409904,3
20.588898,-45.71864,6
-15.361074,-35.47843,4
43.012306,21.109081,7
31.527367,-14.4296055,7
-1.269559,46.75011,7
-60.90351,23.825726,3
45.92489,-2.351944,7
-25.409275,23.475351,6
-49.059208,-20.930033,3
32.253323,-6.456954,7
8.2051735,18.822346,7
73.444405,31.406364,2
8.312574,23.773378,1
34.92302,31.705294,7
50.206573,38.586086,1
75.73222,35.961964,5
29.030024,-38.54458,2
53.525482,33.62064,1
21.14029,-22.985205,1
-6.5655866,-60.694645,6
18.800018,-22.494131,5
-3.9983685,-8.218116,3
-10.234725,37.940525,5
-40.511883,27.85728,2
-14.512623,9.731761,5
27.11235,-23.794483,1
54.909748,21.105305,1
49.259117,26.745083,2
-11.58735,23.114813,2
1.266153,17.83873,1
34.137947,1.2704744,7
50.496323,14.952577,1
-23.811413,-6.846436,6
42.73517,52.37648,2
20.710037,-48.834843,6
32.719685,-14.997647,7
41.9538,33.7101,7
4.4314976,-17.735584,2
25.232517,-48.50958,6
-18.1129,30.24593,5
-52.63036,-29.201761,4
14.352596,33.170048,7
-59.865025,22.480661,6
44.51934,20.853872,7
-3.8264728,17.788511,6
-12.117128,20.472237,1
-74.03576,-12.163804,4
-18.867502,10.559148,5
-11.246195,-8.074294,3
70.93717,31.0354,2
-67.40061,-5.7938447,4
-40.186127,-45.124992,4
-24.56479,-30.879984,3
71.70016,25.489058,2
-15.509657,-59.847683,6
50.81242,12.253215,1
-6.261018,44.843887,7
13.683563,5.0250187,1
-18.975529,-12.89379,3
0.26959515,-32.17035,6
9.105337,-36.289333,5
-41.148956,-10.373258,3
-41.551678,-30.522137,6
-3.275005,46.011116,7
30.895182,28.83498,1
-29.918522,1.7239379,3
26.095325,-29.587986,7
-67.28251,-15.891401,4
46.1503,-25.147182,7
-55.96365,-25.632965,6
13.670568,-44.872692,6
18.272486,34.922916,7
32.56171,-10.148747,7
-74.93653,-16.467505,4
33.84456,1.0884306,7
-68.2587,-7.067643,4
-39.316177,-46.2504,4
27.718868,-3.7748265,1
32.844547,-40.7069,6
44.375526,-31.4658,1
-24.59621,-56.187767,4
-79.736984,-13.900814,4
-67.68841,-26.912655,4
17.811613,0.6556448,5
2.0595214,-68.14067,6
2.852783,-58.302746,6
38.287334,40.11965,7
24.465408,-14.293094,2
27.659605,17.100174,1
-77.15803,-3.621624,4
79.00111,35.9071,5
15.850036,25.130661,7
-74.74827,6.370146,3
3.3209636,30.92797,7
-75.60775,-20.07568,4
50.390957,24.805302,2
66.83358,-7.762312,1
-8.536724,19.893,1
-10.081361,37.750584,5
16.139376,47.732708,1
44.59974,22.361551,7
75.60012,36.573658,5
-23.262445,-63.84574,6
-15.088686,20.749788,1
-33.042747,29.886425,6
-58.926037,22.74525,6
40.83379,50.105053,1
-36.819466,-46.20108,4
-69.9823,-22.823069,4
35.843323,57.042297,1
-1.0832428,-75.00139,6
-10.775727,-65.968796,3
28.38731,7.7998953,7
42.15592,-25.092646,1
-3.7380526,36.675022,7
36.158703,24.202936,2
22.030815,-29.657488,5
-41.163574,-10.347191,3
20.884895,-49.084614,6
14.880281,68.113106,5
18.091486,-46.989418,6
26.634712,-1.9289843,5
44.544632,44.817795,2
30.884424,-14.277764,7
5.275856,49.015026,7
-1.561315,2.035682,5
-68.7613,-16.698362,4
-2.9909067,0.7296401,2
-13.722709,-57.28456,4
59.15302,-3.2436333,2
6.550209,-67.12472,3
-19.735897,33.076313,5
-8.995136,-70.23185,4
27.83115,-21.677032,5
1.1870046,38.070705,7
21.456333,-17.819532,2
61.770813,31.363363,7
59.00266,23.799885,1
-55.073227,-24.924074,4
45.500866,54.06868,1
7.171625,24.638952,1
-8.112124,19.54924,1
4.4534616,-6.2566924,1
-29.819908,-8.574904,3
21.81504,7.3398786,7
2.226548,12.7922535,5
-14.323234,47.287804,5
-17.641588,-2.173876,6
-24.175312,-57.23527,4
50.41716,22.129444,1
55.102016,19.805012,1
5.4662275,1.0115923,2
69.65174,28.918764,2
73.67013,31.494942,2
-75.237175,-5.161251,3
-52.85487,-29.8308,4
-21.564672,43.491783,5
18.680435,-24.525003,5
-20.204414,-41.81859,6
23.99935,-48.235947,6
3.6254992,-73.00336,3
11.001092,-41.708973,2
34.881607,2.0364385,7
-23.764112,-13.876264,3
36.35989,-13.876,7
-73.24972,-22.52135,4
19.591068,-22.795696,1
-3.7046428,-29.940851,6
51.373127,50.200157,2
-35.65635,26.092215,3
9.300025,25.53594,2
-73.63028,-18.763222,4
-37.18077,-17.851887,3
-24.653183,-30.717897,3
3.3853877,39.636734,7
55.246254,34.449913,7
56.66297,33.06834,1
-25.116116,-7.5657444,6
-69.255066,-14.587113,4
52.571926,54.13192,2
-16.733915,-19.777493,3
-59.2129,16.205591,6
31.391687,-20.608315,2
-67.05934,-5.7636266,4
51.36761,-7.348,1
64.551,34.98448,2
-24.719864,-10.759857,6
-80.75611,-4.917399,4
14.772619,50.130802,7
61.749073,16.742188,2
-52.263554,5.2171545,6
-78.76103,0.47249815,4
3.1781943,9.68869,1
-1.601885,52.04277,2
73.23261,25.70804,1
-4.1620445,-29.232824,3
71.35511,26.78845,2
36.248405,58.543583,1
-5.3405337,-59.215054,3
-26.975794,-60.71563,4
32.829494,47.608776,1
12.530011,38.46825,1
67.2464,21.251932,1
-73.95053,-15.499936,4
23.923077,-49.80788,6
69.12648,24.80817,2
-15.674264,-48.054714,6
23.092817,-20.581743,2
5.823753,61.54526,5
-24.665237,-7.4141464,6
43.12421,33.59073,7
76.233826,25.683416,5
-5.6973534,48.577934,5
-32.52701,30.563889,6
-9.697028,-0.032890115,6
-1.9989877,-3.8135393,2
71.47045,31.790266,2
7.2398195,73.17196,5
-7.993587,-5.8639746,5
10.862473,-7.416851,7
-24.66671,-56.119553,4
-50.92581,-34.58998,4
24.843065,-16.812187,2
-57.973442,13.184103,6
-11.600607,27.103443,5
17.026157,-13.429275,2
-73.2351,-19.294878,4
-3.2837417,36.763664,7
10.001212,25.773277,2
-26.725105,22.170755,5
51.009525,12.857714,1
11.928836,-45.11244,6
11.926223,76.08045,5
16.01965,70.14679,5
33.75229,40.722137,1
-18.295752,30.697685,5
-48.649437,15.215638,3
-28.875458,16.416271,6
-22.21932,-58.44671,6
-31.648052,-48.122906,4
64.626884,-19.660854,1
65.36686,2.3083606,1
32.833992,47.12172,2
-26.698252,-60.108067,4
-29.46973,26.414656,6
-48.55789,9.067926,6
43.143806,49.4607,1
5.4418354,-60.306026,3
-14.8589735,-44.518894,3
-16.409172,45.178303,2
56.33701,-18.802929,1
-14.82271,-64.35952,2
-7.0946393,-25.363243,3
-51.316353,-2.3979692,4
0.48383772,41.43911,7
68.11271,32.76206,2
-47.24069,-27.42759,4
-62.77707,0.75706196,3
-74.2582,-17.372267,4
14.934952,-26.933708,5
-48.806522,15.192593,3
-10.894849,-60.32094,6
52.06377,0.34114873,7
20.840864,-46.84137,6
25.053268,-12.7473545,7
-19.485476,-33.246674,4
72.69201,27.180555,2
13.653518,69.89516,5
-59.778423,-8.569769,3
57.643307,-11.957488,1
60.775135,-18.081705,1
-51.699043,12.082842,3
-40.675205,-19.282755,3
-7.186858,-63.30701,6
59.414352,-3.9440172,1
-22.862598,44.015106,6
63.496387,10.579567,1
34.28302,-29.50716,1
-30.447855,-56.324715,4
15.86698,-22.041468,1
23.393517,68.37404,5
8.056911,-66.095085,3
47.29036,40.802723,5
-27.47253,21.706877,6
15.863283,64.66338,5
65.20551,0.4470384,2
-32.577946,19.522621,2
-57.985466,16.150478,4
51.716183,-8.127842,1
56.466915,-0.028915033,1
54.226246,44.579792,2
-51.736088,-13.003655,6
67.310715,25.69724,1
0.6528233,11.711906,5
-2.414741,-56.218346,6
26.442749,-47.94999,6
-4.2720103,-24.272552,3
-30.942923,-52.530834,6
2.4348567,9.671093,5
29.007927,18.986761,7
63.82923,23.348194,2
26.561134,-18.911282,2
18.405514,64.58146,5
52.68975,54.573757,2
-75.78301,-13.945087,4
-17.671116,-45.56784,3
-9.548432,-15.63144,3
-9.797003,51.53159,1
-32.931454,12.366239,6
38.60184,57.323555,5
18.035482,-10.648224,1
67.88849,16.697962,2
-21.107145,-65.674324,6
5.866341,69.51886,5
-31.639719,-44.864044,4
30.914776,-7.992134,7
62.388435,8.151005,2
-3.7858489,-60.136543,6
42.061188,45.014553,1
-67.528305,-19.916553,4
8.329814,18.955654,7
-2.1738005,40.494038,7
47.233223,17.596397,2
9.27387,78.316475,5
17.947226,7.968897,2
35.135136,3.0662246,7
7.7145123,77.280045,5
-21.582436,-16.950817,3
-2.4628997,-75.03039,3
-67.1901,-22.824713,4
43.138546,49.473984,2
-57.739647,-15.303447,6
30.398497,10.170825,1
-54.24941,22.1683,6
-4.0138955,-2.336236,2
45.463444,16.73521,1
-64.59565,-13.232512,4
-68.09032,-27.869396,4
33.627983,18.243814,7
53.65094,52.6572,2
35.07499,-0.047003515,7
50.198944,38.595207,1
19.99695,-33.50048,5
0.5376745,44.832157,7
-83.31984,-3.3897543,4
-3.4759264,-24.122635,3
-2.628567,-63.32762,3
15.901672,-45.883137,6
12.184699,29.894596,7
-41.53702,-21.181734,3
-4.0092654,-71.04191,6
5.7738304,23.149796,2
10.845028,-36.8621,5
-67.01761,-8.403431,4
-17.802979,-67.94248,4
-71.79852,-7.6090755,4
-50.02805,-31.063068,4
17.319695,-40.282253,6
25.257658,-49.601955,6
0.02758843,15.359186,1
66.34679,13.095054,2
20.72465,69.20207,5
-3.5763903,-74.582146,6
33.984043,52.195717,1
-60.288086,12.912892,4
42.575703,-24.731731,1
26.025576,68.15675,2
-63.542698,16.284708,3
-26.659916,4.257423,3
-48.171387,-2.5268843,4
-14.33177,18.89095,1
6.7380395,66.52649,5
30.731478,-31.009876,1
-59.53937,13.377908,6
22.499056,9.006465,7
2.06238,-59.89444,3
-8.998113,-0.16036794,6
-8.12869,-0.9320238,6
8.058271,-18.31066,5
47.609795,40.826706,5
8.202572,73.04621,5
-73.51504,-7.755831,4
-13.527045,-73.91515,3
6.0218277,75.23397,5
66.7749,-10.862035,7
16.782604,12.558679,7
-52.1261,4.9337707,6
71.264885,25.042099,1
20.608335,-12.799187,2
12.538424,17.831669,7
-20.962706,-5.4936113,3
18.914398,64.63335,5
35.768036,31.779922,7
59.544926,35.17527,7
18.364326,66.54829,2
-80.14421,1.5517894,4
29.47036,3.1580176,2
15.09074,68.537025,5
-23.55942,31.22283,1
-44.004074,-15.417554,6
-38.121624,-46.350452,4
66.869286,8.087479,2
-10.489657,-60.399464,6
67.09672,-7.6626477,1
-23.752932,46.028206,1
8.183058,-36.63049,5
-8.037267,-7.9721627,3
-24.325138,5.273434,5
-32.269886,26.594807,2
61.760418,15.780911,2
9.470707,38.320618,1
28.218725,15.928635,1
8.766758,-35.88756,2
52.341816,43.802227,1
15.510713,-14.432949,1
-52.142597,-36.072456,4
64.79225,24.964268,2
50.622135,32.965477,1
7.196213,73.75014,5
-39.256527,-46.005627,4
54.257015,25.577423,5
-8.5768175,3.7259676,6
-2.5901997,13.925608,1
-31.396093,-56.65978,4
70.88051,23.864199,1
-14.65562,9.446798,5
45.37961,20.382057,1
-46.886528,-14.710812,3
7.077752,-33.97258,5
25.296993,-3.0378835,5
-62.421734,1.7965951,4
61.443504,21.14514,2
-6.461484,-54.47594,6
1.2065878,32.16171,7
-51.543526,-37.01443,6
53.674076,21.621908,2
-60.723923,4.9231434,3
-51.255085,14.623306,6
5.365492,-74.238976,3
36.663593,61.590775,1
-2.514056,1.747115,5
5.375949,3.9398968,2
54.144875,43.907867,2
-37.644493,-20.870071,3
-52.462463,10.843226,3
-53.03612,-28.395086,4
-10.865947,-65.12394,3
-46.135616,2.5545967,6
34.196102,52.436344,2
44.675953,-7.738272,7
53.178833,24.768133,1
48.721478,-26.658789,7
34.9414,0.6819629,7
-37.0498,27.225048,6
0.9898908,-61.50867,3
-10.535902,5.0366783,5
-65.681076,0.092171036,3
-4.2216444,-28.790712,6
23.852633,62.89939,5
13.314644,42.13388,7
7.690738,-31.535341,6
-16.60701,-47.00284,3
36.6907,-10.53864,7
-20.13531,43.09838,5
69.20248,27.014278,1
25.909527,-7.9680715,2
27.356197,64.399765,5
45.593426,1.9213259,7
-22.33826,46.925102,5
-68.49642,-10.687057,4
-36.706993,25.698236,6
-68.043106,9.830624,4
-6.070457,-59.13523,6
48.96614,29.31328,1
-33.768963,30.236776,6
42.99792,35.37425,7
19.697762,-33.09356,2
17.457638,34.108555,1
-14.517655,-73.07136,4
-75.32515,-16.530596,4
15.91962,65.1664,5
50.585823,16.813652,1
34.38718,-19.12088,7
-11.49744,42.592594,7
63.467976,10.826184,2
-55.410122,23.08792,3
12.446579,-41.46419,6
5.4518533,-57.720127,3
12.843343,-44.989674,6
20.517889,-24.737938,1
64.42106,34.083683,1
44.682423,36.81157,1
-17.013872,-33.189514,4
16.4267,-38.842857,6
21.74548,13.902543,7
19.82633,30.825136,7
40.15152,36.595367,1
32.634266,-10.347482,7
15.393153,11.982647,2
-26.012104,-38.027554,6
-53.472694,16.61571,3
-56.28409,-17.664354,4
-20.868685,43.69089,5
54.076637,36.431866,7
-33.253143,26.902533,6
-32.274647,-56.641586,4
40.193027,54.90717,5
-39.711666,-20.09684,3
-76.98065,0.26847672,4
35.407494,47.838017,5
-75.68755,-2.905069,4
-7.32361,29.949476,1
-57.06019,23.89541,3
31.239202,-4.8961754,1
-2.0346477,-3.7195733,5
-1.0204691,-19.369919,3
59.6743,-14.322358,2
38.227493,47.79874,2
49.595676,44.737854,5
-18.712557,46.31411,5
-54.74023,22.215378,6
-36.139256,29.534304,3
1.1299267,12.601591,2
9.341134,-66.338394,3
-8.307499,-59.28726,6
26.43906,-6.782338,2
-21.29329,44.712036,5
-23.835266,-63.215763,4
-45.180717,-29.93341,4
-48.348328,-2.04183,4
2.8317502,-68.583984,3
24.680996,-38.70802,6
-45.10562,-34.376835,2
-68.9401,-7.8724127,4
-18.826162,-4.990919,6
24.973684,-24.288511,5
-32.708324,12.551912,6
69.017,30.149782,2
4.931064,-60.887085,3
71.91323,22.42122,2
37.85495,-19.712078,1
77.31819,37.11212,2
-46.89322,-14.133034,3
-23.713875,-9.525953,3
46.68256,32.81889,2
-60.650642,20.185434,6
-9.675189,0.82781184,6
-55.357456,14.841842,4
25.296127,-43.01999,6
22.861681,9.58753,7
21.401443,-33.41127,1
-10.411695,37.904167,5
3.5395453,20.14618,7
62.754925,6.466267,1
-26.10433,-45.883766,3
-36.885353,-22.539234,6
29.661493,17.227522,7
7.62307,33.40277,7
-10.318468,7.6867747,6
45.086926,17.134699,1
19.29537,-23.292995,5
17.654518,-37.541935,6
44.707405,36.87136,1
6.4245205,-60.355927,6
19.057693,64.535805,5
-55.374363,-34.366375,4
-0.81474286,-18.746725,3
-17.194826,-18.049582,3
15.96556,-14.8819275,2
23.52195,66.53771,2
48.52851,40.364433,5
74.50573,38.981857,5
-21.505798,41.319633,5
3.5111625,-21.281782,2
31.53943,56.04556,2
39.514122,55.75234,5
-34.342617,-56.136337,4
58.969215,7.4888687,7
-51.164967,-20.940208,3
-0.43617806,-12.399705,5
0.14869788,-67.23355,6
53.714146,21.973671,2
-58.19535,18.415482,6
-4.895416,-61.050056,6
-19.025385,-8.190715,5
-38.33631,-23.044828,6
75.89111,33.80487,2
-4.706503,-72.16961,3
53.593853,21.055483,1
18.441868,0.3687214,5
-13.538399,24.19185,1
9.156631,-65.84699,3
33.14839,-39.025986,2
58.517258,27.07739,1
37.89758,-21.082678,1
57.559105,36.667862,2
28.85126,-44.021122,1
1.0814817,40.522976,7
-52.89194,-20.113575,3
32.586075,38.292496,7
4.3343,36.250717,7
-14.390757,18.97489,1
54.381046,44.553417,2
11.8912735,44.59314,7
47.00652,15.523722,1
-13.415854,28.490355,7
-36.147343,-34.63518,4
10.77679,-69.65653,6
18.088531,-24.732285,5
30.988134,-3.8553584,1
-81.98677,-3.418673,4
42.400288,45.24812,2
-69.03499,-6.790517,4
21.491985,-32.711308,2
42.893017,-21.97133,7
-19.817415,32.610313,5
-52.988907,17.92454,3
-14.3562975,-62.437305,6
66.88265,-10.200808,7
25.84736,-28.525286,7
-77.545044,-15.145034,4
64.28981,10.948607,2
30.305841,-30.918798,1
3.5540445,19.703083,7
-81.045654,-7.287761,3
-19.454811,-5.2994137,2
30.725243,8.662304,7
-39.39189,-23.19272,3
-21.220146,-34.675175,4
38.046062,-19.814217,2
4.35846,-27.21354,2
-12.984137,-21.723677,6
50.92088,52.687637,1
-1.9568001,10.39159,1
60.52655,21.896969,1
-8.736265,16.704992,1
16.001127,-25.520653,5
-53.512768,17.309118,6
14.1441965,21.665218,7
1.1826699,-74.1004,3
21.713888,-7.41088,2
-20.263908,-41.905952,6
43.062336,33.249683,7
47.5911,15.920699,1
-67.92886,-10.193623,4
26.663277,-24.613184,1
15.264143,63.327,5
42.294052,-28.879833,2
44.970016,-29.552519,2
-11.837538,26.82996,5
-15.428315,-30.153013,3
55.09755,32.645287,1
-26.407236,19.575233,5
34.305927,-17.847143,7
-12.726683,50.659763,5
54.39281,-8.340675,7
21.351398,10.528585,7
-0.6816491,-37.63145,6
-0.27718154,-60.998127,6
-20.15043,43.457226,5
-18.054073,-18.41538,3
20.415089,21.045061,7
14.367441,-17.639849,2
53.373196,-18.165037,2
-36.305744,31.763689,6
-8.978155,-55.4817,6
-23.745998,-12.264753,3
43.126637,32.126324,7
55.331585,32.690235,1
-41.689724,-29.937994,6
2.621206,10.410097,2
40.622875,50.14926,2
6.951141,8.524706,1
-54.757812,16.916418,3
33.89725,16.516384,7
6.9255877,22.204472,1
76.61479,34.429676,5
-81.845726,-5.041131,4
-72.2424,-1.2171118,3
4.342908,-27.195152,5
-5.8135567,-70.44141,3
25.179144,-42.987373,6
20.984665,-10.5884695,2
4.224751,49.130363,2
-68.60431,-10.028768,4
55.762684,-16.709572,2
-2.7457132,16.31998,1
44.23129,-2.5954425,7
-1.8009903,-37.013123,6
-20.280567,44.925663,5
-16.283295,51.142765,5
9.862384,19.324577,7
-3.30579,12.629399,5
-56.616043,-27.086882,4
33.621723,32.882256,7
-81.21995,-13.58116,4
73.317055,26.153006,1
-1.8874401,45.22368,7
37.550373,34.48458,1
-36.981472,33.639816,6
29.337738,17.806005,7
16.588377,-44.37167,2
-12.95485,-57.348076,6
52.84798,21.70945,1
4.733626,35.725605,7
-3.2758083,-12.160701,5
49.17677,-26.862152,7
48.94898,25.305248,1
-15.898947,52.953026,5
52.681023,-15.930969,1
-19.718302,42.18824,5
-10.512923,4.4496613,6
49.39696,13.434945,1
21.561481,-0.27471817,1
-75.88223,7.1122446,3
5.8439207,61.207943,5
-13.891431,10.557224,2
42.374153,-29.911453,1
0.76092064,63.458862,5
-59.301846,8.547288,4
-54.97149,-27.447884,4
-76.38805,6.340426,3
-30.89171,21.320906,3
13.463756,37.77783,7
7.2977133,73.194115,5
19.086903,1.8170866,5
66.45218,12.728831,2
-75.04087,-21.181469,4
6.1406374,3.275451,2
-19.966057,-56.696976,4
66.63874,-14.197485,1
-49.229164,10.614807,6
34.840607,0.16936761,7
-7.2807293,-53.78779,6
37.92776,-21.3501,7
-7.4767637,0.5338653,6
25.61003,1.2917652,2
3.6946476,-4.7269955,5
5.878776,41.143593,7
46.238533,-25.255344,7
34.456627,47.54376,5
-73.49745,-12.497709,4
-55.078293,-17.646378,4
22.790766,-29.628317,2
-58.87077,24.102514,6
46.0266,-0.83593994,7
25.91124,48.406437,7
59.24439,-3.5095124,2
46.57659,33.716488,2
16.113295,-41.651577,5
-32.980976,29.400564,6
49.266872,13.889638,1
-12.552836,-66.19979,3
64.01566,-0.6253232,2
19.170183,61.29834,7
-13.869462,12.557491,5
2.8091643,20.597672,7
-26.681173,4.2423587,6
58.96178,33.517776,7
52.217533,16.756573,5
-6.854284,-58.32663,3
11.686,-17.49999,2
-8.685573,5.163477,5
14.362297,-38.248756,6
-58.111847,15.989623,4
7.4138064,-31.470222,6
-20.352247,-37.685417,4
36.678707,-11.485307,7
-10.260884,-5.26213,3
2.7318003,-59.73718,3
30.843832,-20.746962,5
-31.373661,-44.63237,4
-3.1041934,38.543186,7
15.141225,69.51307,5
36.25465,25.469616,1
-1.9826697,10.742446,2
-15.859199,-47.75422,2
40.13436,29.43817,1
37.629784,57.926834,1
70.43554,24.83381,2
20.123312,21.850859,7
62.54187,-2.3918164,2
-13.598711,-38.265526,6
-78.305595,-14.840103,4
-24.919062,-10.824678,3
25.614601,65.0743,5
-40.05286,-21.427298,6
22.108362,43.739845,2
-12.52517,50.05232,5
-30.463245,-57.358696,4
54.028343,49.768707,2
-13.308634,-62.439518,6
21.427727,5.803077,7
26.18792,-29.364344,1
-2.045475,18.174635,2
36.69349,-10.575869,7
-42.840355,-41.95352,4
-39.3101,-20.862274,6
26.829903,-37.731228,1
53.270264,-12.358283,2
-26.658707,-59.64902,4
-16.497698,-72.311424,4
37.567024,58.45181,2
24.429386,-9.475473,2
32.584545,18.45571,7
51.70723,50.75034,2
-39.492985,-25.575693,4
10.183161,20.743372,7
0.19460478,-32.122574,6
27.59092,-4.4577127,1
7.253994,24.135801,1
28.680748,-1.1238593,2
-19.941439,-41.75482,6
-76.20983,5.198901,3
-58.228176,13.152638,4
-50.912384,14.011332,6
-77.29894,-2.569551,4
14.968452,-20.704502,1
19.16533,-13.112232,2
-16.02198,46.36836,5
-4.0095625,-55.344643,6
-14.38411,-50.078617,3
9.356368,-14.279321,7
-17.565863,-12.989371,5
41.822796,-21.721525,1
-68.596985,-10.452145,4
13.030547,-45.317226,6
-39.254395,-23.22219,4
-24.797403,-10.713165,6
-57.46028,-16.333767,6
-57.255688,24.58859,3
8.190489,26.09715,1
-69.55413,-19.20264,4
-46.851757,-14.709798,4
73.57555,30.251904,1
36.263603,-23.065435,1
45.167908,-26.999031,7
-30.958757,-0.6876547,3
12.75182,24.672121,7
-18.446516,30.587841,5
-7.3591743,-56.95492,6
-76.44799,-9.645578,3
-66.135284,-27.650118,4
-9.51659,-10.768631,3
-22.154072,-18.37915,3
-1.3052015,-75.14072,6
-68.44724,-11.541297,4
20.245815,-23.779526,1
-21.597807,14.972459,5
-34.345905,31.139292,6
56.835377,44.025684,2
50.616623,15.667574,1
4.368026,-67.80156,3
5.797015,-70.38919,3
46.75806,40.42045,5
-9.365678,-60.07263,6
25.622692,-48.672733,6
-18.153225,-39.21572,6
-75.69646,-20.807423,4
21.08002,7.5465636,7
-5.8459725,-7.595466,3
-20.705498,12.835174,2
48.235584,-26.395597,7
-5.3092127,-69.8176,6
34.107494,-32.068188,7
-27.161724,10.108871,6
-9.127341,18.341867,1
-59.503647,23.597422,6
-21.471022,-38.79682,3
9.238804,-71.687325,3
-33.070778,-45.4717,4
32.48807,-0.8349098,2
2.4587426,-69.15199,6
-19.50894,-8.897717,3
-30.57922,-1.2875257,3
54.417233,14.813425,2
44.882496,23.103945,7
-34.41548,27.967049,6
-19.532785,-38.084766,3
9.107858,-21.210155,2
2.124111,26.75068,7
-0.40846458,27.499044,1
36.468117,57.363342,1
-10.784117,-66.070915,4
-30.381763,0.09265921,3
50.87061,14.484173,1
27.146828,0.06731491,5
46.00799,35.78585,1
25.371098,25.37662,2
32.128952,-24.90505,1
35.39884,47.749557,5
-20.201704,-11.763306,3
-48.477287,-1.7703408,4
-10.823593,15.708919,1
0.1083406,44.478527,7
-9.580384,-58.068302,3
-49.712597,-2.0522702,4
-69.32314,-16.642809,3
73.684364,32.2416,2
-22.08678,47.849297,2
11.281872,-14.315811,7
-47.78677,-1.3352754,4
28.989996,19.269064,7
-18.335941,30.623749,5
50.7381,18.30798,5
34.000298,-29.2994,7
-46.447495,0.8998319,6
24.268816,-45.577175,6
23.86536,-49.88464,6
-47.500843,-26.89242,4
-49.55601,-13.606788,6
46.109238,-30.169767,1
-7.4241977,-67.21201,6
2.2278187,38.722473,7
-37.347828,-46.443455,4
-68.697235,12.894013,6
54.38433,-8.21882,7
-24.08927,-57.42549,6
14.126346,-7.3798075,7
-66.7683,-26.385336,4
-23.61822,23.330755,1
61.93044,-18.726505,1
49.631207,26.929968,1
-47.066338,5.11219,6
19.802105,61.328766,1
3.407427,-71.772766,6
-12.980216,-51.252728,6
-74.8759,-8.680248,4
-76.47364,0.40450275,4
-14.003097,37.29257,3
-67.9792,-8.998302,4
3.3598452,-5.6434283,5
-63.64212,10.742348,4
4.599346,-70.11276,3
-42.076233,-44.16831,4
13.025965,-41.161957,5
14.047115,25.489283,7
-8.736821,22.350992,1
51.02156,18.829422,2
-74.07759,-23.800781,4
60.987488,16.833975,2
58.25334,-5.892503,1
17.504995,-20.889776,2
45.047184,-2.4831567,7
-1.3302453,-18.114979,3
-68.73379,-19.011932,4
19.198145,44.952885,1
63.806976,24.23216,2
-66.784386,-30.100878,4
20.151865,21.716557,7
-82.04593,-3.4135475,4
-12.140979,-45.419556,6
35.754986,48.490993,5
-70.01716,-28.047344,4
6.2466063,35.398426,7
-24.441408,22.644434,6
-10.832056,-49.02344,4
-9.291904,31.656448,5
-70.06089,-17.048023,4
40.972168,53.71211,1
-17.893152,48.00336,5
22.434639,7.839335,7
-2.2465434,-51.192287,3
54.582855,35.423595,7
-3.9980874,-6.123848,3
-0.8599261,-73.30327,3
50.969044,13.016926,1
-13.032751,50.954746,5
-15.08057,-12.738981,6
43.483467,-10.321277,7
-9.173127,-66.1151,3
-58.26397,-18.666603,4
0.7791118,-65.65685,3
14.8977165,23.767115,1
34.029995,25.196852,2
-30.942842,21.29298,2
-65.11324,-0.2581442,4
-7.1404943,-69.50049,6
-31.793175,22.031765,6
-26.833683,-60.429977,4
20.705502,-11.152771,1
13.557804,-34.253006,6
14.7584915,-17.532595,2
5.4010477,-2.1711352,2
19.732042,43.676666,1
-56.861275,13.277459,4
56.831833,19.811737,1
-18.566418,21.877775,5
-53.720543,3.3753252,3
-15.683954,-35.090424,4
-22.539656,46.80177,5
-51.41607,-36.52332,4
-8.302137,1.1128323,6
-23.521585,-11.8670435,3
28.034132,-8.334948,7
-8.52852,4.807131,2
24.353783,-45.02434,6
36.49234,55.175777,2
16.496758,-27.585087,1
19.81376,-51.28864,6
66.06468,-11.577705,7
24.425632,-5.5059924,1
55.188847,44.09839,5
-68.24028,-16.68104,4
-80.92409,-7.442158,6
1.9748377,-66.86714,6
-68.003265,-8.66676,4
10.213954,-1.2237018,2
53.549473,-20.98831,2
-71.36039,-27.964628,4
51.102585,52.33862,1
-26.006056,-0.34514648,3
-68.1493,-13.637841,3
-14.827371,21.092094,1
-75.65882,0.95563555,4
52.22626,-1.2673728,7
13.513402,-34.30942,6
37.883408,-21.47836,7
-16.793745,-40.4108,6
-14.289668,36.908497,2
-62.730103,0.44063216,6
16.30062,11.848788,1
-30.857195,20.887865,6
-55.408817,25.70404,3
-46.2715,-15.352321,4
20.43446,-15.046169,1
-62.604115,10.671652,4
60.555332,-2.1654222,1
33.2831,-28.773039,1
-73.33177,-9.93286,4
35.12919,-13.754262,7
-14.304812,-73.20438,4
2.406904,-59.37201,3
-6.724788,-72.4181,3
57.735783,-11.033175,1
24.600056,-3.2337136,2
2.512256,19.422585,1
31.839132,35.247776,1
-46.49632,2.702478,6
58.690643,9.019861,7
-79.31989,-0.44743955,4
26.901497,35.189796,1
-52.50418,-35.400257,4
14.238176,26.048363,2
-38.708237,-25.002789,3
-45.392292,-42.243664,4
33.757095,26.515337,1
74.38699,39.182575,2
-19.810682,-5.946888,3
-51.413845,-36.38966,4
-77.27928,-0.9262662,4
-31.193056,-57.754803,4
57.095413,0.9150448,2
56.006172,-18.870022,1
15.811964,-6.310146,7
-1.2347211,-69.48204,6
3.7483342,-61.297623,3
11.728513,-17.511362,2
57.37422,13.750431,7
-15.879535,-10.031545,2
24.984993,-42.841827,6
-16.669422,-19.461594,3
13.6731825,-34.18384,6
-30.238462,25.671473,6
-26.904812,8.596811,6
5.8403025,-19.90448,5
-45.401577,-44.018986,4
-12.229989,-49.858532,3
-11.107712,-11.242674,3
-17.359768,-3.418186,3
-7.6787066,-11.548478,3
-6.307057,-10.648876,3
13.779853,38.46042,7
16.142834,40.227024,7
4.234148,-75.370995,6
19.555351,52.232857,7
28.919573,8.387647,7
-6.563728,-55.378376,3
-0.47403666,28.669483,2
9.773553,22.36117,7
18.29943,34.925632,7
-72.56397,-7.802853,4
-70.01478,-23.172188,3
-72.91279,-9.283357,4
42.552357,53.612858,2
-64.37611,-12.735017,4
7.6589403,67.241394,5
-68.712006,10.289601,4
47.323902,40.532394,5
36.76432,-17.034378,1
-67.43409,-28.07568,4
26.782932,68.032234,2
-18.006823,31.718298,1
5.9199443,-75.59036,3
53.61955,48.86087,2
-67.42574,-20.757788,4
-68.55954,-12.162101,4
21.850895,-29.205456,5
29.008635,-29.864428,7
50.63663,27.26719,2
20.733091,-24.288774,1
1.2462599,31.357994,7
17.93016,9.218628,2
-76.48857,6.9490724,3
-20.819372,8.562082,5
39.18695,41.40067,1
60.633717,-1.097193,1
-31.885971,29.551239,6
23.679823,-13.815839,2
-26.872599,-6.7894354,3
16.406015,33.49942,7
-40.31947,-46.145126,4
54.595966,35.350815,7
-19.810785,30.348799,5
20.943403,-27.468058,2
11.304655,75.9434,5
23.729887,-43.451427,6
0.6151025,-8.703373,3
8.595255,71.77629,5
3.641054,18.320974,2
-2.123871,16.037842,2
6.0700502,61.750072,5
76.63003,34.392048,5
14.845527,-18.325998,5
51.08376,53.465282,2
-30.919182,-56.433002,4
30.143167,-26.85943,1
13.63139,-14.833897,2
-71.75576,-26.240355,4
34.763256,19.114878,7
-32.127968,2.7190492,3
12.428857,-45.136757,6
-75.12495,0.10053351,4
-21.161755,-12.032155,3
45.699814,48.89546,2
-45.693436,-29.309206,4
46.575436,-3.1522205,7
-7.7818727,-62.71009,6
24.38823,-10.040206,2
12.082053,45.700962,7
-69.00071,-19.719025,4
32.27247,40.870686,1
64.29498,8.985607,2
38.536587,43.325573,1
7.3940187,-19.940691,2
72.15137,28.588482,1
54.475243,-8.367858,7
18.019533,68.10332,5
4.993353,-61.1179,3
18.155195,-28.641108,5
-5.3421106,-71.99947,6
38.174473,38.189373,1
-19.392124,-48.532333,3
11.7246475,-17.476086,2
44.31385,47.30339,5
-21.89914,11.974742,5
-17.076147,-71.33267,4
76.36492,34.145508,5
-1.681096,21.358044,1
-18.758757,5.1036477,3
-10.633867,44.043324,3
70.524025,28.796263,2
35.715298,3.4981341,7
-41.525337,-22.472727,4
-5.697906,-56.060146,3
-43.464424,-42.307713,4
49.31582,-10.585191,1
18.06175,-46.154835,6
10.470118,-72.304245,6
-51.917606,11.481449,3
-75.486755,-1.783016,3
20.441841,-33.122845,5
-23.84507,-36.95662,3
-81.22687,-3.6146214,3
-30.599947,-0.88474697,3
26.533707,-8.9614525,1
-22.131165,11.5009,5
43.371014,-22.560614,7
-58.240196,-17.847328,4
6.3707848,35.203228,7
-56.352535,20.612514,6
-73.024574,-22.521074,4
-2.723306,36.558052,7
3.9817367,-61.70309,3
0.75136137,40.934196,7
33.07115,-41.168575,6
-19.104757,33.599854,2
26.210287,-7.6458454,2
-18.970253,-2.40712,6
46.97296,15.761429,1
-29.990309,-44.201557,4
1.585229,-56.740322,6
62.90327,-8.794941,1
-55.002308,-17.71936,4
-54.205593,3.7710161,6
-64.61157,11.448623,4
-53.676468,15.405115,6
33.283684,47.13087,2
-6.364247,15.0518,1
30.083534,34.095665,7
53.252007,-12.047023,2
45.668915,21.858423,1
61.42962,35.46628,1
-45.911865,-28.638245,2
-29.977175,-54.709805,4
33.684795,46.621372,1
-40.210724,-21.082485,6
13.489785,18.327179,7
-2.1170557,-54.62451,3
-14.828712,5.3738637,2
32.349575,-25.740585,1
-49.6621,11.526161,6
20.57949,8.55023,7
44.407345,50.07628,2
-0.76616067,-18.626276,3
30.207945,-26.688232,1
18.34665,35.764515,7
-7.8449235,-62.24079,3
44.54807,22.023264,7
62.107807,-21.455359,1
62.946217,12.342426,2
-51.941433,-35.511036,4
34.000088,39.564674,7
-11.557683,23.117064,1
-19.615396,31.394651,5
39.379383,56.095703,5
11.969054,62.18827,5
-62.505047,16.334332,6
-41.167152,-10.344528,3
16.878862,-40.472706,6
-0.098812684,15.199782,1
-31.221205,29.03411,6
45.090477,-3.414575,7
-5.2905126,-7.99378,3
32.469555,62.76464,2
-4.007652,44.003616,7
22.067726,66.60828,5
-5.949442,25.475882,1
9.10587,19.52552,7
-16.66925,-4.2057076,3
-16.18991,46.298523,5
-1.5104631,-36.029808,6
17.864803,37.436348,7
31.615864,51.37326,2
-32.845585,-45.423508,4
-12.623018,50.24879,5
-5.5986056,-8.793915,3
11.393606,44.394382,7
42.707584,33.36803,7
8.076659,24.044374,1
-24.295303,5.3458257,5
-40.548027,-22.980791,4
18.934877,29.51641,7
-13.75889,-60.250755,6
8.128132,76.50868,5
21.663908,-17.669691,5
28.380083,31.357548,1
1.4081181,37.50474,7
43.998856,43.168648,1
8.929037,-21.211405,2
-20.489054,8.602549,5
44.705452,-2.78869,7
59.245735,-8.05877,5
63.820133,-4.6087437,5
-26.49011,-38.58401,6
-38.286846,-20.29256,3
-10.613943,-62.82216,3
51.179405,24.282219,1
0.3295933,-10.262742,5
-15.451881,13.272458,2
2.2493808,-23.19841,1
-28.553988,-50.12764,6
8.861448,-38.86938,3
24.72298,2.7358093,5
15.30268,20.454782,7
-14.8037815,-44.27117,6
63.775177,26.771435,2
31.018593,50.0643,1
-17.72277,-67.852585,3
32.865387,31.404247,1
0.2898503,-18.0192,2
-4.8118105,-61.019215,6
21.61039,41.98141,2
-44.231575,-41.62891,6
-54.694454,-34.758373,4
-12.21863,-49.93893,3
6.433744,-62.90032,6
15.292025,-24.596355,5
58.855755,7.849003,1
22.680836,66.493416,5
7.796888,76.64206,5
29.260033,35.27251,1
16.95272,46.072823,1
-34.142048,-2.3557703,3
-29.592573,-42.240376,4
9.224907,71.17414,5
-26.101215,-7.319965,3
49.40813,-29.377733,7
28.687555,2.144185,1
-12.945174,-21.728424,6
54.082737,24.064535,1
-32.55129,24.50694,5
15.295739,70.44197,5
57.991077,34.991558,1
45.469376,-25.236423,7
-11.321821,-48.886288,4
43.539757,53.103767,2
-12.851191,-63.91205,6
52.396492,11.470552,2
-9.303003,-5.638524,3
-5.911584,-11.801563,3
12.745905,63.457455,5
-48.98459,10.084552,6
-66.619354,-0.36503324,3
17.924088,-15.866831,5
-70.581764,-17.40068,4
-22.101397,-17.877075,3
50.611362,51.21767,2
-10.053211,3.381733,6
8.128899,18.49827,7
-9.768063,19.645288,1
35.985382,2.6955929,7
20.675413,7.529262,7
66.24649,-7.9333916,1
19.747894,26.581825,1
-34.73965,31.353,6
29.275263,-27.399729,1
62.0092,-21.460371,7
33.50925,16.825758,7
-46.75747,-34.729927,4
35.52449,2.996609,7
34.824497,47.494427,2
19.82727,6.2346053,7
-5.3584657,31.14131,1
62.66704,36.501183,1
-6.625792,-58.327232,3
15.305633,-0.31300503,5
-16.62111,12.177485,2
-3.309491,37.998215,7
-4.2931504,-18.883621,3
62.32888,-5.4798436,1
-4.6463485,-24.536802,3
63.929386,18.704039,1
-15.323315,-62.349903,4
-28.376444,17.52064,2
3.933579,-67.597435,3
-14.517374,9.745487,5
-43.41745,-14.520455,3
54.332165,15.398892,1
21.276518,-32.849934,5
-39.415936,-25.625565,4
-9.905349,31.183079,2
-82.28024,-3.904931,4
-28.632196,21.941442,2
32.264866,-6.4685044,7
27.615028,62.12888,5
-28.728703,-1.2204837,6
-33.089386,2.6278162,3
-81.51411,-3.530453,4
6.624709,68.784035,5
-30.011845,26.859055,6
-14.6267,12.531981,5
50.01247,35.12868,1
-11.837433,-41.53704,3
52.47808,50.62527,2
38.3639,43.520557,1
-51.411053,-36.00783,3
70.47999,28.697653,2
-78.00004,-15.581974,4
11.941515,26.23164,1
0.049365886,18.772224,2
55.962986,0.84472954,2
-2.145935,13.794807,2
-5.0854864,-50.08741,6
23.992699,-49.456627,6
4.2029705,-18.003782,2
3.0182235,19.876856,7
-39.766018,-22.96046,4
24.169306,-33.569473,2
-19.015284,-6.0023317,6
62.99057,-8.1687,1
-11.096709,-8.232456,3
62.294632,6.5849686,2
26.51867,-5.439776,1
45.224033,-3.2886956,7
-70.52267,-16.69638,4
20.669355,20.495977,7
-37.36182,-22.800364,6
-23.45704,-5.827627,3
15.575422,70.85678,5
-51.734478,-11.049846,3
59.39755,-8.0133705,5
-8.068403,-69.75929,3
-18.890259,-6.446041,3
-52.25405,15.701493,6
-38.225204,-25.302177,3
-6.523097,-72.26121,3
-67.55118,-25.075888,4
-1.8899734,20.333773,5
-78.80371,-4.100904,4
-59.78739,22.35128,3
-26.225103,-10.801,3
34.62877,32.943127,7
13.574844,37.820988,7
50.25637,-6.3506646,1
43.000225,-21.872032,1
-57.328743,3.8526726,3
58.877357,-14.892081,1
33.613144,3.3004222,7
28.604313,16.653282,1
-50.083233,12.403699,6
-3.099721,36.354626,7
-16.279913,12.720076,2
23.593843,67.20594,5
0.48149288,12.583152,5
-18.796507,6.293574,5
-3.0459788,-67.037285,6
9.3866825,-38.46292,5
51.087635,19.306807,2
17.52723,-40.385796,6
-11.512008,-40.588436,3
-52.650936,11.89739,6
-5.8527265,27.948599,2
45.785362,16.857397,1
-63.45345,5.839839,3
3.4409575,-4.258598,5
28.246521,49.14568,1
-34.81614,31.402742,6
-25.379766,-4.5404935,5
71.891075,22.678303,2
-32.321697,19.311834,6
38.8744,41.78812,1
59.480576,-15.934945,1
-7.8616753,44.77859,7
38.54396,51.312317,1
64.47483,25.20724,1
-8.2034025,-67.36293,6
12.78536,63.21369,5
2.3038063,20.82798,7
33.151974,17.900805,7
-11.45534,42.44126,7
-5.659255,21.279377,1
34.157692,-29.161926,7
-60.345734,-18.77864,4
-12.441776,-9.505283,3
-1.0003974,-10.8664255,5
1.659569,-13.010344,5
24.72305,64.45401,5
-41.834263,-43.325443,4
24.495432,-8.538899,1
-19.82969,-11.929585,3
-32.06789,26.77312,2
14.637794,26.155348,2
-59.427185,14.503402,3
-41.20241,-45.2636,4
-9.029502,-69.27108,4
-69.60314,-5.255896,4
62.629288,-5.80335,2
4.6835594,49.92344,7
49.388783,-29.385786,7
6.748369,-65.99117,3
-69.56921,-6.4069347,4
-9.261519,-63.723946,6
-0.56552017,-67.21481,6
28.401361,-48.98329,2
65.481064,22.790197,1
19.53085,25.953922,1
-21.506178,41.410984,5
2.7375977,36.85238,7
28.24884,63.319992,5
-33.44424,-57.225906,6
62.996876,-8.9087,1
-53.445267,-29.875463,4
-37.195618,-34.884956,4
-6.1767926,21.074419,1
-60.4656,19.856623,6
-56.576847,13.190063,4
-78.61083,-14.3232155,4
-44.216118,-14.238122,3
67.98379,33.05617,2
-50.239304,-2.5195217,4
59.42212,17.543493,1
-34.04908,27.401327,6
10.0966215,74.00009,5
16.81812,-24.096437,5
31.53155,-38.95754,2
-43.866577,-23.162146,3
-0.5982303,-67.65981,6
6.097621,19.867247,1
25.402111,-24.286705,2
-5.3793855,-73.49518,6
-72.78503,-0.67078125,3
10.968616,-67.80425,6
-77.55638,-0.6922494,4
-29.360003,-56.4208,4
-12.922553,12.428325,3
21.892113,-7.4319005,2
15.281618,39.263226,7
4.3485417,-27.204369,5
58.87428,33.567398,7
52.441452,11.117233,1
63.990692,-16.480665,1
-20.449362,-12.337374,3
2.2486663,12.816411,2
-70.26492,-27.857046,4
4.6350126,0.16053961,5
-10.652941,2.9695468,6
3.5602458,24.63229,2
16.562002,-31.934599,5
66.75593,-2.9544485,2
-4.9892106,-66.22438,6
64.09392,12.795545,2
-19.746351,30.798624,5
59.045265,-15.274992,1
-17.547699,33.690357,1
21.70017,-29.32662,5
7.0872874,66.56346,5
-29.68797,11.038324,5
18.867338,27.518843,1
2.5764198,37.587635,7
-35.181606,4.556308,3
3.3990772,-4.743398,5
5.0591373,-74.44911,3
22.983557,-40.163017,2
8.48234,77.03976,5
19.614948,1.625631,5
-50.61193,-21.361113,3
-50.422928,-21.490366,4
29.960455,1.38944,1
-58.58919,-8.7656,4
-75.69993,-4.386846,4
23.762104,-45.526955,6
15.028561,-14.290591,1
-17.264076,50.364433,5
-21.590883,-2.749566,3
-3.4128091,-62.74855,6
60.40261,28.693512,1
45.672466,-2.603537,7
-23.862738,5.5514345,5
59.242523,-15.742399,1
-20.51242,-55.906544,6
54.968414,-6.731448,1
59.71511,32.099567,7
-30.107803,22.410398,3
-1.451332,-35.908566,6
-4.0092244,-29.435051,6
5.133156,-18.095089,2
16.157185,-6.9534583,7
27.757935,18.04905,1
-57.673653,27.278101,6
34.985817,38.553967,7
73.63363,31.396141,2
8.641738,31.99564,7
55.360775,-15.81439,2
-10.310938,55.632133,2
1.0957029,14.262565,2
-19.680408,-50.915215,6
-43.53856,-1.3624978,6
7.65012,74.50015,5
2.6136558,32.72175,7
1.0392724,-18.56047,3
6.652394,-21.315668,2
52.208305,-1.2820066,7
22.721445,-14.974752,2
6.273266,61.628147,5
71.28413,30.43865,2
-67.92353,-9.4407625,4
46.865326,53.68274,2
19.222265,-13.540852,1
19.57571,-44.592583,6
35.9935,-13.737281,7
-46.80222,-15.657381,4
-14.0513525,-61.538063,6
-21.137468,-15.823129,3
3.6233332,19.77567,7
6.6013064,-63.35752,3
32.55411,37.257774,7
21.587782,-15.306357,2
-72.265884,-10.807439,4
35.048203,38.53053,7
27.125858,64.86031,5
-81.46179,-0.03844666,4
11.310455,47.066124,7
58.45926,-9.664939,2
33.765125,0.7736987,7
19.191158,-42.751484,6
-14.081442,-42.489082,6
-60.234367,24.08841,6
-38.572273,-46.311596,4
-33.9696,2.3466914,3
-27.125744,18.07695,6
-24.00362,7.074539,5
27.066254,35.160244,1
-1.7322966,-70.7863,3
-39.12519,-44.939274,4
61.858532,14.952602,2
-24.919043,33.379177,5
27.645828,-21.985025,5
-9.137504,-63.747746,6
11.451586,71.65154,5
-15.32465,-38.50053,4
18.13707,65.49696,5
-56.764534,23.39488,3
35.02517,3.6946447,7
30.890514,-7.241912,1
-9.520505,5.592724,5
33.73917,46.422104,1
30.242287,-30.919714,1
-33.41192,-55.646233,4
5.994966,-19.350992,5
0.17812558,-14.3734255,5
43.08971,53.820274,2
24.515566,-4.6003,2
-23.169146,-11.707249,3
-16.425077,51.181423,5
2.102664,32.15342,7
49.367283,-29.435596,7
-18.737976,-33.074085,4
36.078407,-19.392345,7
6.221881,1.2113516,2
24.280396,61.895008,5
28.374075,31.355717,7
41.973408,48.40303,2
20.743425,41.962845,1
60.458546,18.202192,1
8.287389,-38.270836,6
16.684233,-32.159275,5
-11.499904,-46.55362,3
-61.20541,15.234058,6
62.59283,36.5195,1
-33.651974,2.576134,3
-68.417984,-11.020613,4
23.260292,68.26851,5
-41.526493,-20.756578,3
49.369595,-29.412481,7
-25.056671,-56.866707,4
13.350495,26.926535,2
71.69208,26.395987,1
-77.15093,-2.147712,4
5.790905,19.745483,2
-17.124973,-71.20372,6
16.414291,-45.06855,6
25.323505,65.38999,5
-25.579542,-36.53293,4
-41.09095,-32.27767,4
6.7775016,-58.952065,3
-29.689272,1.7512896,6
12.660645,63.567913,5
16.172878,47.5648,1
-49.27906,-0.600041,6
5.6983585,69.48706,5
13.159604,21.115438,7
48.72547,25.426937,1
73.38772,26.08724,1
72.053444,22.540174,2
16.714735,24.91624,2
66.34814,-1.6310259,2
63.847366,-5.492234,1
-79.84156,-3.6358638,3
-6.6622605,-50.977753,6
3.535288,-68.83919,3
-10.810869,-44.6826,6
57.5273,-11.863141,2
59.47962,-16.753807,1
-45.44478,-15.5266905,3
-17.521149,-2.2138548,6
19.70355,67.13429,5
-76.187485,4.263013,3
-38.66823,-47.233837,4
52.72684,45.441605,2
22.900208,-28.744234,1
-20.437393,-14.973475,3
-18.482897,46.669205,5
-54.035053,-4.6428876,4
-49.509933,-2.7387602,4
67.57272,7.611784,2
17.9232,-19.288769,5
-28.835482,16.257318,6
38.52289,36.84395,1
-6.5282073,-18.199186,1
-2.2910454,-13.659089,5
12.957442,25.475243,7
-32.930332,-54.847168,4
-8.812854,16.674828,1
64.326706,19.46668,1
-9.797308,1.1415118,6
53.054462,-18.132473,2
56.3396,44.094627,5
-26.348639,-35.594368,4
-8.313363,-64.669235,6
-59.617306,16.087914,6
15.632625,-13.622041,1
-78.3075,-4.16021,4
-44.54744,-2.358535,6
-67.80121,-20.023628,4
19.560545,51.806984,7
60.559315,-1.4194589,1
27.799362,-21.41931,2
54.42336,9.673147,1
-39.338196,-47.062607,4
21.806763,67.662865,1
36.93555,57.04994,5
66.427986,-11.919588,1
-2.8143284,36.593918,7
43.775,27.092339,1
-24.894316,-7.1997967,6
9.598119,76.40239,5
-62.600994,2.2619889,4
-73.12195,-24.166727,4
-46.37871,-28.60951,4
59.648125,36.731247,1
56.98998,22.512749,1
5.527572,67.42183,5
-18.196522,-47.02426,3
-7.8448563,-5.695665,3
-1.0599136,11.136072,2
21.266592,-7.9237237,2
-17.339529,-34.567436,6
-0.30776134,-62.81695,3
-40.909252,-32.621235,4
-43.583782,-1.4708686,6
61.125534,-11.342552,1
25.554178,50.184616,7
-28.16669,25.980394,2
-37.379463,-35.84917,4
29.019976,-14.078757,7
-50.53042,-21.400965,4
-37.22394,30.105326,6
-61.067,5.525963,6
-80.591774,1.0948963,4
43.588707,-8.368973,7
-31.18733,3.6629112,3
64.641235,1.1765715,1
-61.33926,5.4420457,6
-34.289658,33.215458,6
-51.091385,-2.0331388,4
-61.138874,23.282406,3
59.935875,-14.165447,1
-16.928476,-40.616203,6
0.47568828,-54.53503,6
29.227144,-8.206074,7
-51.798943,-13.070776,3
17.564005,64.64639,5
1.470012,32.51778,7
-13.116977,51.04822,5
32.565113,-9.83303,1
-1.0693325,12.502334,2
30.23941,40.17274,7
42.48746,-29.921146,2
-20.400091,-44.1983,4
-19.436512,-8.517073,3
-57.699635,-15.498667,6
-11.83285,-41.447655,3
16.449823,-47.047165,3
45.17831,-26.344936,1
33.946304,3.0922627,7
-26.466011,-0.75755036,3
-57.84752,27.190994,6
-18.762144,-7.0918083,5
-59.301167,23.787504,3
6.525807,11.7189245,1
-35.20176,29.746284,6
-78.17525,0.7792514,4
-22.475475,-41.644184,4
54.62812,45.311123,2
-80.0686,-13.275088,4
38.378418,40.32547,7
26.001947,-48.256,6
-13.845396,9.321852,1
-2.565099,-61.920383,6
-81.59633,-3.1865706,4
-53.369606,-5.874927,4
-32.547577,19.657055,3
7.0863824,-74.744545,3
-56.480198,19.437737,6
76.37777,26.539803,2
-75.12736,6.523819,3
-25.324242,-36.997314,4
-31.443832,0.91802317,6
35.149708,56.468693,2
-26.171528,-9.792212,3
-54.021378,16.106812,6
33.543915,27.386147,1
-6.25317,28.087555,2
-1.7945384,-37.012856,6
-78.00098,1.7101017,3
36.15809,-12.806852,7
-0.37813944,-73.16028,3
47.412632,27.946388,1
-2.4241574,-60.13097,3
23.341831,-30.5073,2
56.867336,26.03611,2
-15.838461,52.235794,5
40.064056,55.39224,5
15.777262,-31.405294,5
-24.633919,22.556116,6
61.43013,7.1665306,2
22.018194,-34.332493,2
21.472614,5.7059608,7
2.6634133,-68.34203,6
17.826347,38.285942,7
-50.12172,-1.8742728,4
25.896658,-28.584673,7
19.359766,61.3636,7
-2.0621147,40.770794,7
6.0916266,77.31791,5
54.78152,36.920242,7
20.165192,21.66453,7
52.096863,3.203683,7
-55.06828,19.862999,3
6.790268,-65.96351,3
46.425243,39.55311,5
-36.722195,29.54117,6
65.59177,15.152003,2
-42.133488,-21.313118,3
-4.342199,-62.862587,6
-0.20413649,-10.872402,5
6.577612,68.91347,1
19.973028,-51.20356,6
-24.618523,33.291843,2
43.657135,-7.9804053,7
20.855667,-32.99638,5
-23.002552,35.99729,2
2.0289204,20.84828,1
5.848308,3.2576196,2
-74.03593,-20.642973,4
26.99535,-18.471653,2
46.088898,-0.36674696,7
-55.672,18.500902,6
43.027714,43.15296,1
42.391167,34.14758,7
-49.662582,-0.40637514,6
59.978645,-7.1563625,5
22.327452,8.0738945,7
-41.060036,-32.349953,4
30.922848,38.84095,7
3.7604833,22.065935,7
-59.067696,-0.022914983,4
34.293922,39.60698,7
22.872599,65.51816,2
-34.119144,-57.18803,4
-57.649277,20.949617,6
9.157095,-36.16176,5
-3.3501048,14.886972,1
-16.698095,25.77473,1
66.5176,-12.166475,1
3.6775477,-59.485172,6
-57.09319,20.28665,3
-3.7684247,-58.8113,6
57.468864,20.449066,1
1.1630177,-57.134117,6
65.96157,-11.352822,7
-29.684687,12.008742,6
42.591824,34.931873,7
58.543827,27.543812,1
23.85313,61.958958,5
4.934467,-70.76223,6
-23.356068,-9.103778,3
3.6875155,-4.9308896,5
66.59676,-13.217524,1
46.035656,39.90862,1
10.788897,44.36455,7
-27.152105,19.932407,5
-9.991115,54.60302,2
-1.2795098,-12.433426,5
-29.325132,20.280436,6
30.670553,39.079617,7
8.7131405,-19.353727,2
-58.555782,-19.903337,3
26.534597,-1.9525182,5
-18.737404,-4.752672,5
-25.75775,0.74928737,3
38.158806,47.58294,2
-10.409461,-73.26873,4
-0.51522595,19.402918,1
43.496902,39.741085,1
-12.4374695,-64.95755,6
35.31837,-14.130168,7
-24.627129,-30.958414,3
-79.71056,-3.7726636,4
7.007945,10.225772,1
-72.30716,-16.533945,4
25.784012,-48.47785,6
-17.962055,-7.78562,3
-55.05592,18.366093,3
-12.590233,-44.966885,3
-73.30012,-3.641551,4
13.34729,-8.757704,7
-32.14681,28.871798,3
-49.459076,-14.118404,6
-42.917534,-43.35054,4
48.66443,40.208138,2
30.917076,28.852907,7
-8.545538,-14.830466,3
43.330105,-26.684727,1
8.291575,76.449196,5
62.41166,-4.467988,5
-31.527557,-4.8822594,6
14.041158,-7.468748,7
17.070196,64.22995,5
53.568752,28.835318,2
-11.214134,-14.352184,3
59.32063,-8.09264,5
-11.284523,26.935638,5
-11.564065,-8.835752,3
-5.7570057,-72.887566,3
-19.276102,-50.46306,3
51.549587,51.315582,2
-7.547445,-70.07926,3
-34.1675,31.559261,3
-37.821465,-18.385643,3
-21.474203,41.302235,5
37.838623,48.68174,2
18.81096,38.32274,1
59.282986,24.18914,1
-0.8731237,-18.489077,3
42.28843,-28.877644,2
15.558601,67.925896,5
5.076597,-71.550156,6
-51.646957,4.8142157,3
-71.54332,-25.791426,4
-40.441437,-33.056133,4
-31.840115,27.510012,6
71.284584,30.912348,2
-3.3865788,56.604053,7
-65.94331,-8.126712,4
29.069958,18.17571,7
-8.5546,26.71285,2
28.275692,-32.071926,2
-9.070265,-0.84576595,6
18.747189,-32.983322,2
-58.671738,-4.8677554,4
-25.45925,-4.2531953,5
-44.38829,-41.771606,4
10.588817,-32.376675,2
11.865707,-69.22833,6
4.3583484,3.2934747,2
9.172792,-70.97639,3
-77.35381,-14.2723465,4
-23.639385,-44.70385,3
-6.928018,27.335535,2
2.3626454,9.106727,5
-23.10406,11.081717,1
-26.390474,-0.4784876,3
27.62295,62.348083,5
18.914085,1.1714234,5
-31.874731,-58.334633,4
-17.45374,44.640522,5
21.134424,66.32241,5
-12.427259,-44.527252,3
-42.31048,-44.743904,4
-4.5899286,11.266841,5
3.6783264,40.206238,7
-36.283577,31.797844,6
-14.654284,-61.18976,6
40.923965,-6.4634457,7
-74.2904,6.3136654,3
0.7550711,-36.829533,6
-25.58101,-6.587308,3
61.991554,20.889912,2
-2.2467453,-15.076334,5
54.830185,-7.0899286,1
35.03614,-19.025942,7
17.260002,-44.54687,6
64.28978,13.406776,2
-17.559801,-71.307106,4
46.180458,31.679264,1
-16.625929,-72.4593,4
-25.29604,-40.13615,6
18.694593,35.197624,7
-20.987368,11.4212675,2
38.760704,59.61717,5
50.459476,49.93205,2
-57.369667,-25.971092,4
25.085054,-48.890377,6
-44.739223,-42.227768,4
53.717785,23.728561,1
52.506542,50.887318,2
-59.359665,-18.290785,4
-17.825659,-9.43606,3
-3.504979,-30.177895,6
-20.798227,-3.256557,5
13.468219,26.373,2
30.73167,52.092075,2
-32.68943,13.461291,6
12.065919,-44.57485,3
-21.849758,11.485643,5
-20.09542,30.24721,1
-59.586716,16.763124,6
3.1918733,30.786215,7
23.97973,-43.47276,6
1.8391126,14.943551,2
-9.999976,8.111641,6
17.078186,-47.414783,2
-46.307766,-1.895838,4
-42.559475,-42.444355,4
15.751147,40.997246,7
30.354218,10.622437,1
-39.841953,-22.603764,4
8.793498,-31.714819,5
-16.658342,-32.48542,4
78.379326,36.177704,5
-18.764511,19.527468,2
17.915386,-10.7659025,2
-14.224929,39.94888,2
-41.49234,-22.463776,4
-18.489326,-49.423637,3
-52.948658,11.533954,3
-13.90631,-40.875225,6
12.394937,17.888609,7
-19.15428,-50.264168,6
-6.231322,32.94288,1
4.356502,-32.632412,6
7.64108,73.34053,5
54.994217,-0.547886,2
-12.378976,-9.281765,6
-4.125551,18.603308,2
-67.94088,-28.103748,4
1.2000933,-13.621591,2
75.46461,26.991667,2
-7.722595,-10.010829,3
-3.9514694,-24.973822,3
11.24514,65.77617,5
3.2143526,-58.38446,6
-43.983376,-13.422257,3
-20.809488,-5.891225,3
0.31466463,10.894051,2
33.10896,-25.915733,1
1.182333,-55.471546,3
-80.59507,-12.413324,4
-5.7329597,-24.453,3
4.958927,29.251265,7
-71.66805,-16.740665,4
27.719357,-43.648407,2
1.3102509,32.70345,7
58.43565,23.446531,2
-19.179646,43.01816,5
-10.9149475,-65.16258,3
-9.125051,-57.43759,2
-0.79121476,-15.301208,3
-40.67047,-24.804937,4
-15.157073,52.51529,5
44.06776,-9.926576,7
64.888855,8.5496025,2
-75.90545,-19.593006,4
53.0011,16.599485,1
27.638233,-44.03326,2
35.744976,56.029694,1
1.3924222,-13.409538,5
-50.036953,-2.4342287,4
43.802124,-30.122477,1
18.325287,35.89091,7
-12.532365,-10.163476,3
14.947601,-21.442299,1
-51.845284,5.569006,3
10.687836,79.15345,5
12.231316,29.700565,7
-80.11613,-13.118935,4
-24.916208,-41.15926,6
41.904636,-25.25506,1
55.452217,1.3119503,2
-72.993095,-7.193537,4
44.07195,43.855362,7
50.973072,-6.913085,1
5.7075562,-75.48611,3
-21.829853,-42.190826,4
33.16995,-26.429522,1
-23.627647,30.845236,2
21.89824,4.234243,1
-36.384983,1.7566125,6
10.40047,-0.41995445,2
-19.299261,-5.84251,3
58.074383,-11.269874,1
-46.199017,-44.11568,4
19.216503,1.4715449,5
-5.5619555,-9.808173,3
23.933142,-15.819105,1
0.32250923,-54.39193,6
5.4103265,-71.33428,6
-11.426245,27.140947,2
14.364099,60.937428,5
23.16401,-42.938694,6
3.6029787,40.413662,7
45.94768,-25.10305,7
22.684326,-40.29257,6
73.70355,26.926304,2
-23.330976,10.993287,3
-23.415636,-64.21912,4
-40.748917,-24.43595,4
-12.171545,-42.606133,3
76.94147,33.979282,5
7.7016497,33.305325,7
45.912094,-1.0591322,7
-71.01517,-12.40925,4
-67.76299,-18.113714,4
-25.300186,-39.935013,6
-81.09163,0.55474824,4
-28.870123,-50.05605,6
0.3430508,-54.33659,6
12.962157,56.64689,1
-6.7397614,-16.040081,3
-38.817066,26.708464,3
-16.454918,-33.079014,4
-18.661055,9.739622,5
-66.28936,-21.06893,3
-72.94694,-16.588348,4
-52.93436,-35.272488,4
20.627857,20.57382,7
-7.9823775,17.321274,2
5.252141,-15.786167,6
34.350742,-18.068745,7
-57.382027,-16.191427,6
-3.5128124,56.591644,7
-28.034225,-6.8900647,6
58.40187,31.150087,1
9.243322,-72.932365,3
38.876682,56.73942,5
-15.388517,-61.960632,6
6.09768,3.091083,2
64.19824,-17.421635,1
24.005531,62.894222,5
-49.40082,-23.03987,4
44.60421,52.989464,2
-57.422607,-18.942785,4
-24.406908,7.6211853,6
63.495792,-21.407267,2
10.178723,78.74993,5
41.725674,55.398228,5
53.719692,19.083828,5
13.364995,37.826824,7
31.863964,49.25412,1
-71.59077,-16.82739,4
-75.04357,-19.247375,4
-53.71423,17.624516,3
-46.09172,-43.139202,4
-11.971703,-64.29955,3
-56.57253,-17.113121,4
-1.9671117,20.503286,5
43.650898,47.11545,5
-11.163896,4.689734,5
42.96959,34.459377,7
-3.4809663,44.242214,7
-74.70785,-16.269886,4
-34.58182,32.056103,3
31.770689,51.42112,2
-47.73711,-22.5345,6
-59.22229,1.4466817,4
7.70178,-36.141808,5
-14.973094,-62.45873,6
30.473774,9.790467,7
-20.006807,-8.534713,3
53.52638,24.741247,5
18.852892,63.989777,2
-22.980923,44.4231,5
-1.9294332,-22.11653,2
16.265764,16.707424,7
22.07218,-39.89526,2
17.555008,-39.998566,2
60.30613,17.664982,1
33.78487,27.437576,1
33.905327,27.416367,1
61.00878,-12.126706,1
65.989815,13.4049,2
71.78728,31.188185,2
47.032635,15.741742,1
19.699018,17.090412,7
55.06099,22.040161,1
24.349707,65.89974,5
-23.011953,-64.544586,4
5.6570563,49.18154,7
30.70094,-14.245326,7
13.881898,40.590046,7
-10.744327,53.50641,2
-74.16774,8.904213,6
33.815907,16.64522,7
-3.8805487,-8.231056,3
-79.60951,-14.794315,4
-59.70055,-8.602439,4
2.4114172,-55.218025,6
-5.5503263,-70.04042,6
1.3078454,10.581004,5
54.15695,15.265209,7
-67.18238,-27.65874,4
30.096275,10.813371,1
57.96943,28.733011,1
63.44037,-16.726313,1
-12.57519,-63.050728,3
2.12969,-69.61724,6
-49.421608,14.873202,6
38.547283,36.732723,1
2.6005523,-57.210968,6
-69.71167,-6.1086893,4
-8.238835,-54.73024,3
-62.660015,0.53389776,4
-79.904274,1.0225993,4
-26.242035,19.807909,6
-10.439378,7.123266,5
-45.241177,-29.881397,4
31.48409,-8.139405,7
26.281832,-33.777634,2
8.722683,-38.62057,3
-15.647959,51.517437,5
-64.621765,-13.377708,3
44.65461,20.58242,7
50.4003,28.537924,2
-23.194405,-9.02484,3
22.509312,-40.421757,6
-24.35111,5.315849,5
15.697614,-47.88414,2
-7.387902,-53.80044,6
24.549604,-38.694958,6
31.989376,46.723686,1
-56.995293,21.738695,6
-10.367531,7.396937,6
-12.190539,-70.63789,6
61.439117,31.65753,7
57.953175,-0.46256316,2
24.423191,-38.997746,6
3.326999,-59.763844,6
-58.91118,20.227846,6
63.250015,-5.153113,2
-78.2771,5.907868,3
52.230335,17.492598,5
-81.117805,-1.8302401,4
-69.34034,-12.678835,4
2.4740436,11.692904,5
6.376045,60.845257,5
51.847855,53.82354,2
-45.572548,-29.665663,4
15.176324,-24.422432,5
0.096401215,-55.32266,3
1.1282676,-65.750275,6
-32.5743,-58.16837,4
-26.367785,-35.587433,4
44.939774,-3.3045826,7
28.064405,23.23956,7
-15.860377,-47.376266,6
63.89683,11.1426525,1
-55.643013,24.689505,3
41.222164,28.102835,1
0.20113403,-58.08731,3
-20.11972,49.252815,5
1.6561942,38.873238,7
-29.621143,9.609831,5
-28.27511,33.506092,6
-69.48027,-5.4312987,4
18.122982,-28.58408,5
16.491953,33.51182,7
46.823597,27.563494,2
15.683586,34.29517,7
-13.404121,11.707064,3
-30.947886,25.712826,2
-2.4947748,-56.25096,6
-37.94967,-18.594145,3
-49.841274,14.616649,6
-12.913246,-13.163157,3
35.185158,32.679066,7
7.198222,67.63107,5
-47.06153,-29.31994,4
-74.97742,-2.6660507,3
-72.54297,-12.603127,4
52.645847,54.95492,2
68.55141,9.074989,2
31.788418,39.19672,7
4.5463943,36.989044,7
-47.463573,-2.3176243,4
-31.717388,-55.841934,4
27.814737,-3.736749,1
34.651382,0.5856743,7
58.980263,27.70718,1
42.045105,-25.029146,1
20.778196,-12.67288,2
-30.38256,11.677161,6
3.7845619,30.082335,7
41.91253,20.88448,7
-26.09959,-9.852815,3
29.184534,8.608041,7
47.816692,15.849605,1
-9.208843,13.401852,2
-76.69141,5.1553464,3
-33.114872,27.592045,6
-48.83941,1.917027,3
-14.519031,19.039011,1
49.14559,17.401178,2
6.946577,19.58317,2
-41.05732,-34.183212,4
-69.8137,-26.84621,4
19.513628,66.925606,5
12.174335,45.640648,7
25.437574,25.348011,2
9.498944,61.089157,5
20.094467,-14.339217,1
24.974203,-24.230032,2
-20.606464,15.042337,2
-5.8889227,-62.91225,6
-29.714998,11.145581,5
-5.840569,-12.085305,3
-31.674833,1.7526699,3
-33.16086,27.744123,6
60.42177,-8.040957,7
66.18862,18.749683,2
5.006065,-62.897404,3
-7.4093904,-16.641747,3
-62.282543,15.398545,4
66.53469,-9.335205,1
-40.692387,-24.106833,4
5.9984393,69.376526,5
-53.378273,-27.930092,4
-0.4117214,-68.99059,3
-23.508442,-44.647034,3
39.277603,56.341072,5
-69.55596,-7.4033566,4
9.868087,60.970192,5
-35.309345,30.099636,6
12.360759,-40.05488,6
6.0685387,77.29031,5
18.67083,29.96509,7
-51.838974,-36.338,4
76.12969,34.731087,2
0.16397642,-32.21364,6
9.221774,-36.36579,3
29.76347,-39.434765,2
57.480637,14.671814,1
42.943024,47.36527,5
-39.20282,26.553074,6
-38.722004,-22.987904,4
44.113106,-2.032647,7
-18.837841,-44.78313,4
-8.200082,-16.416252,3
-11.664822,-47.613884,6
22.695858,66.66575,5
-48.213566,7.5703783,3
42.91657,-21.870428,7
19.205387,-51.44538,6
10.712451,23.841156,1
-24.676168,34.18439,1
-53.052708,15.466717,3
7.304403,-19.963451,2
-12.21226,-51.173782,6
27.986893,64.783554,5
-55.14571,-34.460304,4
30.030579,50.264736,1
-10.033479,-59.89072,6
-36.617416,-46.822327,4
-63.51702,-1.0051714,3
-17.410583,52.65701,5
-63.268246,5.6166835,6
28.140324,-18.342146,1
66.94682,-1.4266702,2
18.433527,-24.269335,5
-24.20258,-13.951562,3
-17.184881,-17.409267,3
2.3380675,12.00244,5
-1.0266268,-34.566853,6
5.3529906,-18.437675,5
-46.79491,3.616729,6
-46.611076,2.3188865,6
35.30782,-12.129163,7
18.601702,65.23363,5
-24.2884,-63.364502,6
-54.015663,-35.186306,4
-28.109413,18.176863,5
-3.407423,44.520187,7
63.074028,-8.897801,1
71.161934,31.07541,2
34.35643,25.386803,2
-51.797535,-36.025257,4
53.750217,-20.898905,2
-14.995205,51.73412,5
-76.61535,-17.119621,4
7.0055556,24.040068,1
-20.24959,-32.815857,4
-9.161674,-67.47142,6
-25.398182,-7.0882964,3
-20.22323,-41.8772,6
3.57993,-5.423,5
-18.561995,7.9008417,2
-19.44462,-55.88621,6
-75.62247,1.0350459,4
9.765102,74.73843,5
19.563425,-36.93402,2
12.073691,-5.71288,7
-53.250492,15.28081,2
-30.409697,-2.0081923,3
-12.370942,45.07529,5
17.626757,63.549583,5
63.353172,24.762817,2
-22.58655,-41.443306,4
54.187675,11.571937,1
29.45051,35.21945,7
3.2586389,-5.1571817,5
-57.29966,-18.203033,4
16.219398,1.1689616,3
-52.44317,-35.674255,4
11.283346,-11.758932,2
8.413574,32.24953,7
9.220829,20.015305,7
-47.183357,1.659867,3
-14.80457,-30.304075,2
-78.57074,-1.1505299,3
53.013927,11.108927,1
-17.799019,27.862804,2
11.257372,-11.783917,1
-13.066553,12.122799,3
45.102783,41.855648,2
27.933228,-41.081364,1
-10.369459,7.5980144,6
-17.669464,38.93334,3
44.084564,33.647907,7
-6.6286263,-11.722155,3
28.926636,-29.850683,1
54.79357,26.142944,1
10.183292,44.4172,7
8.907171,74.60714,5
7.411503,66.43154,5
-77.69825,0.93299097,4
-29.889946,11.951041,6
-33.374584,-56.70417,4
-64.5589,11.278293,4
-19.50588,49.57611,5
-59.510147,-11.703154,3
-13.499985,13.965925,1
-2.7685356,-54.702713,3
-16.484573,-46.33763,6
0.9106525,38.67679,7
-8.602348,-9.512824,3
-3.6302433,44.340176,7
-5.786419,-67.46754,3
51.75999,51.927303,2
24.625591,-18.637197,1
-4.118863,-9.203674,5
-54.041412,6.9888887,3
19.841211,41.287304,1
15.069781,43.57218,7
46.803917,38.20346,2
-25.250021,-37.27109,4
-3.6044567,14.15379,5
1.6121708,-58.028168,3
-17.317541,-12.900669,5
24.691015,-12.603909,7
47.510616,39.451694,2
-20.64274,9.721037,5
13.858659,-10.708023,7
62.244614,35.37789,1
-61.15267,16.99501,3
-57.117058,-17.947931,4
24.22493,62.7873,5
64.89371,10.381315,1
24.351778,-41.17133,6
10.512375,-34.655327,5
14.210367,33.41815,7
12.463568,-40.007286,6
33.30064,39.44687,7
21.728088,-12.31268,2
15.274176,33.2086,7
41.318245,28.084278,1
62.641552,-3.9874964,2
-13.9004,37.7665,5
5.179347,-18.166359,2
-28.608019,19.146084,3
47.02514,39.74314,5
-24.894855,33.9208,5
32.64484,18.406301,1
-14.337444,51.400505,5
-30.906548,-52.613808,4
-50.43223,10.835325,3
-11.295044,-10.617865,5
-10.325409,-73.325066,6
18.813791,-13.71103,1
6.780064,65.86035,2
-24.011831,23.19823,2
11.564989,-41.71326,6
-57.820316,-18.315453,4
-49.632477,11.276721,6
-18.129574,-46.785522,3
-24.769293,-56.16936,4
8.161238,71.59224,5
5.339711,-74.13802,3
-71.38057,-26.593784,4
13.240093,21.205534,7
24.220348,-45.161766,6
62.09708,31.141493,7
29.210852,2.5941293,2
11.156384,-12.492386,1
49.576168,17.25425,1
-27.138384,18.226685,6
15.490064,67.78021,5
42.143955,52.85295,2
-22.281776,45.116257,2
-2.3280056,-72.514946,6
-34.60856,20.69175,3
64.19546,24.83918,2
-25.787622,0.8234476,3
-1.4911166,9.673156,2
-37.661793,-47.135868,4
10.975464,25.930597,1
-52.483276,-34.322796,4
43.766815,47.153137,5
-39.600975,-17.977547,6
-28.788559,16.357327,6
45.282898,-2.3773148,7
-35.826332,26.886202,6
-29.699558,-44.269882,4
19.84974,-32.657303,1
44.194603,19.952576,7
-25.679169,-45.28406,3
31.317577,-14.186978,7
0.8267405,19.15358,2
-2.0500362,-3.9790208,5
65.91678,14.74731,2
-3.8002968,-55.314697,6
-48.60019,-3.5224257,4
36.150764,-18.059225,1
33.815647,-14.866319,1
45.680386,-3.1353664,7
63.14343,-18.122906,1
44.10474,33.363884,7
-62.972275,10.551412,4
-0.64759713,-12.166658,5
9.34418,60.720406,2
-17.32452,17.784538,6
8.146078,32.646156,7
-38.683266,-19.33977,3
-30.900152,-58.2196,4
58.097336,-16.615488,2
3.4291952,-55.109695,3
15.863706,-24.419071,5
-10.086568,-66.91975,3
22.880606,68.286964,5
71.3492,27.881018,1
22.382954,-21.215027,1
-55.36505,-28.641613,3
18.805782,8.282896,2
18.120445,64.621475,5
-57.304688,14.782695,6
48.61422,19.962482,1
13.847077,-10.77995,7
-31.79241,17.607458,3
75.117584,35.22563,5
43.6456,-8.082888,7
-56.557873,27.174704,6
-74.320694,-8.781142,4
63.247585,12.297615,2
2.6840136,-72.42944,3
53.82968,44.9179,1
16.501017,39.79132,7
-3.471685,18.789421,2
-10.557036,-56.353573,6
33.9565,32.92793,7
-19.278267,8.112568,2
-31.764038,-0.29060683,3
-16.887243,52.94621,5
15.469663,20.785994,7
-43.341633,-42.551365,4
20.186142,39.816055,1
-0.47631547,-75.646416,3
6.3426614,35.264782,7
-11.118342,5.945835,5
65.13045,7.9028387,2
9.32816,-37.463722,5
-22.512203,-12.669232,3
-24.444902,-63.26464,4
-36.940998,30.051105,6
36.71032,61.551746,1
27.304195,-2.345853,2
-39.37955,-44.76018,4
-8.104874,26.437866,5
-10.527835,7.473526,6
-22.369291,-41.724377,4
-66.335495,-9.174578,4
-77.76258,-1.1979797,4
-3.3312323,55.553204,7
-66.7272,-30.119762,4
-51.258305,-20.703735,6
9.951831,20.58211,7
14.625449,49.89601,7
-21.88008,42.969196,2
-20.271708,10.363192,3
-34.662582,-21.773954,6
33.38644,-30.109049,7
16.567362,24.971853,7
-22.898674,31.534086,2
14.900637,50.298683,7
12.888795,63.348103,5
-7.822286,31.780405,5
26.69186,65.03741,5
-1.3480601,-59.87721,6
4.3455553,-27.185518,2
-20.737896,30.957098,5
-46.419106,-42.753685,4
-46.216892,-15.305326,4
32.51128,38.195,7
45.126686,41.720486,2
75.771736,26.042835,5
-74.32887,-8.344506,4
45.53414,33.022667,7
33.083405,38.939674,7
-17.230337,-44.591755,6
-3.5159156,15.838505,6
-34.78923,4.314035,2
3.2911744,-72.739334,6
35.557976,-13.689758,7
-12.164837,15.717674,6
-2.366866,9.807118,2
-9.415811,19.538742,2
54.10094,10.1798525,1
-70.26881,-16.088518,4
38.969666,43.754036,7
-70.72416,-14.49183,4
-25.72286,-11.164267,2
11.535152,75.91927,5
-27.639267,25.401579,5
-14.644709,-64.22614,3
3.701319,-61.437042,3
-38.133102,26.624266,6
36.028168,-16.113163,1
-10.235848,29.714231,2
-3.547029,-24.92063,3
19.691982,32.290627,7
15.307025,21.080984,7
55.631237,45.257256,2
-47.036667,-0.90327674,4
49.159134,13.869626,1
36.72969,-16.391665,1
-15.32023,12.983353,5
-42.44782,-41.35826,3
-13.31083,44.666386,5
32.44725,-18.463911,2
-10.600173,3.3836827,6
18.772566,30.162262,7
28.062572,23.234873,7
-67.40787,-23.926321,4
-39.713852,-33.944256,4
20.407757,-45.555447,6
-29.656225,-1.7836705,3
-19.54043,-3.2867362,3
-79.368385,-0.81926215,4
16.924019,-4.4495525,7
3.1384962,-57.485107,3
-58.202152,-18.658339,4
-2.9887347,25.067997,1
-34.882305,-34.531197,3
11.180902,43.59805,7
27.950571,-4.704107,1
-30.225824,-44.487724,4
-45.426037,-1.8357246,4
-7.3440924,-26.308102,3
35.680336,3.4635785,7
-49.39749,-13.552588,3
11.748661,-30.544573,1
-19.233206,-2.3544526,3
25.94516,68.12086,2
8.43119,71.73956,5
50.05767,35.510826,1
-39.209415,-18.166365,4
0.7598918,-74.10907,3
59.67581,36.722324,1
-54.65473,-28.61354,4
-10.190232,-44.960224,6
-46.929234,3.790426,6
20.156567,21.910221,7
-20.463898,-3.4498894,5
27.85665,-41.251617,2
-2.6655219,10.736626,2
14.159498,61.997684,5
-13.732055,-63.170437,3
34.010452,24.992283,1
0.022977127,-17.919243,2
-59.532978,-11.792609,4
41.792038,-21.637247,1
-8.6419525,-15.573396,3
2.0189278,17.892336,2
8.227162,74.01256,5
-51.513916,-11.257513,3
62.6032,-11.524543,1
-35.56578,-21.38396,3
-13.094319,-66.43802,6
-8.284276,-55.962395,6
-35.56695,29.158983,6
42.462055,35.48486,7
0.25290823,18.477566,2
21.534735,-12.178166,2
-17.20217,-17.733086,3
-46.25616,-29.355862,4
5.820387,-59.4364,3
-36.159798,-34.725666,4
0.6487316,21.36178,1
-9.1672125,-14.764396,3
1.0464332,15.962029,2
42.22809,23.021917,7
13.111337,24.647663,7
-0.7096935,-19.603249,3
45.155396,-27.03185,2
-28.709415,-0.7285427,3
-8.831592,5.5261993,5
-0.97066784,12.364276,1
-29.792953,12.489471,2
7.080129,-34.003105,5
23.304419,12.150527,7
-52.856922,-29.794592,4
-80.569046,1.4689189,4
42.71397,18.506756,1
-20.94055,-37.193638,4
10.326758,20.718388,7
-77.000465,5.258562,3
-7.7043014,-14.56979,3
17.901936,-30.003628,5
-73.89763,-18.116293,4
-40.65239,-21.361742,3
19.746624,-19.16077,7
36.63918,-13.603237,7
28.1478,-43.365887,2
-20.991869,43.22005,5
4.8818684,0.99922687,2
-9.883327,-55.184784,6
18.19035,34.893005,7
10.831775,-12.460964,1
10.831038,72.303246,5
-3.6467667,-19.061714,3
-32.802288,23.823689,6
-12.490138,12.216336,6
-6.853701,41.52795,7
16.546942,-45.351,6
6.795183,-68.15333,3
-21.597988,-12.713581,3
32.4051,-29.545067,1
19.696169,-19.178017,1
12.887518,25.446651,7
59.94702,13.973967,2
9.737693,10.81203,1
9.35214,38.180088,1
-51.14586,10.22024,6
16.350523,-27.512283,1
34.740715,19.09503,1
-9.857065,-14.402541,3
-17.413595,25.857464,1
-2.8045638,-13.939461,5
14.53641,-38.42699,6
-51.185867,-20.873678,4
-50.059372,13.155327,3
76.00157,34.583965,2
-18.944769,-33.021755,4
32.79957,-46.565655,7
-55.16495,-6.121667,6
-66.78219,-28.43306,4
3.3938606,-21.198069,2
-10.870765,26.118525,2
34.353985,32.923664,7
28.897497,-26.31125,1
37.906788,26.131546,1
-70.570145,4.4554596,3
-19.550497,-56.31301,6
-6.2734065,32.93676,7
-31.650286,-47.90769,4
-9.760692,-55.36695,6
64.02611,18.864,1
-39.534595,-23.151636,4
57.30622,24.691507,1
34.264732,-17.763111,7
-78.40036,-0.18350235,4
-17.5377,46.444275,5
-5.673465,-63.416008,3
-39.789444,-46.784176,4
37.68905,34.307564,7
-31.788115,29.059675,6
-9.852452,-9.841692,5
-4.1899962,-19.684052,3
17.070822,-24.571314,5
-19.21858,-50.430885,3
-37.6938,-21.319952,6
43.173298,44.57408,1
69.10082,24.80427,1
-17.991833,-7.8391485,3
-2.7098622,17.52157,1
-68.237946,-20.943445,4
-9.34833,4.896867,5
-2.5488145,47.634983,7
15.05626,43.55611,7
45.34269,32.829533,7
15.537054,-30.358097,2
0.9172157,-59.333515,6
-13.802361,13.01894,3
-2.3970177,-60.43685,6
62.328365,24.787014,2
-2.1837797,-22.3031,3
45.021816,-3.796452,7
49.47629,3.8907945,7
13.721932,68.007126,5
-28.83919,-2.1516593,3
16.375513,-46.878105,6
29.21723,37.84372,7
15.8178215,-31.46668,2
18.216177,-0.40286648,5
17.028671,-24.73269,5
6.2728534,-19.41633,2
-52.67579,-29.082355,4
22.363192,7.5184627,7
-47.89642,-22.552372,4
-63.056713,5.18807,6
2.3645995,20.858252,7
-2.645912,-9.797402,2
58.467678,-11.590859,2
-7.283839,-10.269539,3
-13.919602,-37.5083,4
1.8593242,37.285286,7
-11.516355,42.625305,7
54.89922,20.454313,2
8.69804,19.4235,7
-21.27652,32.35202,1
-41.706776,-29.65731,6
54.107864,20.919394,1
48.362247,19.47188,1
-13.298637,23.909018,2
-32.582993,0.86166644,3
65.3574,2.679675,2
-24.358961,29.193996,1
14.8880205,-41.286472,6
-12.263964,-70.4244,3
26.187244,-7.6940103,1
-36.34041,-15.632428,6
23.283466,68.942,5
20.529696,8.509365,7
11.872468,-69.82072,6
44.958927,22.74727,1
27.529718,-18.31382,2
-32.402992,27.269361,2
-47.279976,-13.601059,4
-10.174109,5.66885,5
21.361061,42.075634,1
-29.562504,-1.9251051,6
54.880253,37.485363,7
-3.4832492,-63.824417,6
-37.65855,-23.603489,4
-23.664534,6.2049203,5
14.424833,68.941025,5
-59.99667,17.477339,6
-46.23891,-41.856556,4
-10.571322,-58.57409,3
-75.32586,-10.411182,4
66.66106,-9.931552,7
8.152112,27.315863,1
-1.3391794,-74.51614,6
25.00014,-10.413062,2
31.725435,39.207916,7
53.53385,28.314224,1
-30.025732,12.202262,6
-35.54459,23.402798,6
-6.301058,-72.562904,3
-36.885307,-20.064344,6
-54.37915,-28.619438,4
7.0879297,-33.984093,5
-24.768337,-31.010052,3
21.50575,5.8085465,7
-72.82904,-0.38129753,3
-5.9802485,31.536753,2
56.078312,44.09047,5
53.32862,22.095293,2
54.633453,9.641326,1
27.247896,-26.602354,2
-57.6772,-18.783571,4
-30.6945,-58.43077,4
-9.168745,-67.74055,3
-80.54648,-13.572316,4
-13.292119,-51.07579,3
12.674105,-43.69722,3
-21.153254,16.243103,3
26.24629,64.431435,2
-2.8919313,0.23177823,2
13.259548,37.48679,7
-9.478453,-58.11505,3
45.444855,34.83226,7
24.00343,-38.55708,6
12.737483,-8.184572,7
49.426678,-29.316933,7
55.26688,-0.40259472,1
57.247196,20.16314,1
-30.79656,-1.0450777,3
-38.448948,26.754532,6
-46.252518,2.2220993,6
1.0725946,38.260128,7
50.728256,53.774426,2
12.51561,-41.447754,6
13.317989,42.12667,7
15.147464,-30.86857,5
64.95869,-0.0050594923,2
5.6772256,-75.2777,3
10.387434,-14.793233,7
-4.9373183,-25.039154,2
-29.412842,23.134119,6
0.42112154,-67.17585,6
13.464189,21.196638,7
-8.820244,-16.722183,3
-12.804786,-63.385025,6
12.091917,60.06328,2
68.01659,8.149877,2
28.39651,-48.980297,2
22.23797,62.14838,5
66.46196,7.879121,1
-31.89355,-57.37189,4
-16.363293,-19.377813,6
-10.509801,52.095196,2
3.0851295,19.830347,7
11.7163725,-45.200832,6
4.693688,-55.84081,3
15.499544,-23.690178,5
-5.6919727,48.58984,5
-20.086367,32.08778,5
59.073715,13.900059,2
53.48072,33.738213,1
-17.504404,-67.75584,6
8.089286,65.6985,5
35.112434,25.855783,2
-73.80416,-12.483013,4
-8.945301,45.302593,2
-15.055467,53.02453,2
1.9338504,-15.610513,2
68.3528,21.894276,1
67.62974,8.252406,2
48.90073,28.766447,2
1.3232052,39.29307,7
11.176025,74.124504,5
-76.36889,6.3433576,3
-0.6544024,-33.55113,6
-79.7601,-14.802284,4
-9.120476,26.494646,1
-71.1102,3.1818428,4
-20.68247,45.763912,5
-29.026466,17.43384,3
8.35882,75.77021,5
44.835915,22.318405,7
-26.32839,-35.61621,4
-80.907074,-2.2980986,4
9.262115,19.753319,7
-58.77631,9.180286,4
13.01869,65.602036,2
18.80965,-44.136665,6
46.35285,-3.0002565,7
-18.124218,46.03062,5
1.0166234,31.72121,7
-25.16689,-10.050365,6
-68.26246,-27.419857,4
-10.234457,-59.52463,6
61.090183,29.069809,7
-46.65205,-41.78917,4
53.721336,48.46952,2
43.02405,53.392555,2
22.46639,-16.106857,1
-2.2700367,-15.124077,5
-30.869534,12.773719,6
3.2831051,-57.0974,3
2.297408,-65.970985,3
-27.618301,19.749416,5
45.363167,33.30148,7
-59.22683,19.838543,3
21.008926,-28.914495,5
-18.751171,19.484823,2
-34.077023,27.369713,6
-20.771196,31.178953,5
43.993744,-28.576298,1
-18.37429,29.354803,2
-68.77284,-11.770308,4
-12.630894,-10.252504,3
23.641937,62.32085,5
32.488747,-10.174107,7
22.7178,-3.4418304,2
-9.3574915,-16.564297,3
47.588432,26.681469,1
62.5139,-5.917808,2
-76.90341,-17.052994,4
59.566837,-7.446279,5
-3.2701154,15.824493,6
-2.3755631,-51.197514,3
-31.794641,-56.247036,4
-74.959114,-19.86146,4
43.345665,-22.476967,7
7.341359,27.030218,2
-42.24226,-20.433973,6
-34.17342,3.234234,3
13.965437,76.23363,5
15.077082,20.843561,7
43.829468,27.176645,1
-51.569347,-2.396318,4
-57.367672,17.729946,3
9.469874,60.928165,5
-11.108847,-15.887685,6
-63.384445,5.0234203,3
64.551636,4.0748534,2
43.672142,39.535595,2
-71.2386,3.1646767,3
-47.166203,-14.244914,4
-70.12843,3.5189283,4
3.656873,39.023693,7
-9.858637,2.6691408,3
43.37636,34.173233,7
51.62427,17.164236,5
10.981874,73.96809,5
15.7548275,-44.751644,5
-6.195057,-10.902674,3
-2.7847254,1.6154141,2
-56.548424,22.546148,6
-0.062226605,38.656322,7
41.799606,51.88495,2
-20.503433,8.416761,5
-19.500578,-50.78676,3
-9.404734,30.13057,1
-24.292805,5.4877086,5
-16.22931,46.335224,5
43.099136,-8.324084,7
-1.2848052,-13.0356245,5
-15.533083,-38.37425,4
-17.927872,29.31287,1
-0.83543473,-18.381456,3
-4.5842643,19.319067,2
-10.14467,-56.367382,6
-20.230148,-32.082977,4
-9.653333,-12.88584,6
44.30818,47.028103,5
-16.674923,0.49466738,3
-12.087736,-41.48683,3
29.218475,-23.137453,2
-8.455418,-6.735874,3
63.42593,-10.337443,1
4.7448745,-74.906364,3
30.78105,52.072674,2
9.149655,62.883514,5
28.221651,9.722844,7
-51.955357,-2.3983035,4
7.8924074,65.61599,5
-13.629055,48.922222,6
3.6969848,-62.491215,3
-26.208256,-7.103727,3
-2.679997,12.5676,1
8.993811,-17.216927,2
7.099938,24.967316,1
-10.516006,28.15693,2
-9.689468,37.447323,5
55.545372,-13.393568,1
-0.95495504,-72.460434,3
63.620113,-7.3337574,1
66.64587,19.562803,1
-37.654705,-23.683819,4
28.225489,63.691334,5
-72.614494,-7.844445,4
-24.940992,-39.02018,4
69.67798,29.154757,2
30.22012,11.262493,1
11.07899,44.263775,7
60.636597,-9.769796,1
5.4626336,41.07283,7
-57.264053,4.130144,3
-2.7441766,-58.291485,6
-4.322852,-15.878977,3
32.074753,35.060337,1
3.661654,30.994318,7
-64.34783,0.82234675,3
-24.080086,7.2493806,5
13.27606,4.193513,7
0.2809759,-72.22875,6
18.807625,0.91059834,5
15.881565,-5.40087,7
15.262172,-0.34539118,5
-27.660997,20.083694,5
-43.88447,-42.981735,4
0.06481233,42.750698,7
51.503532,30.343853,1
4.883268,-55.94944,3
-8.699533,-60.48595,6
-74.14749,8.962079,6
-35.13613,29.817713,6
-10.931,-57.514023,6
15.046892,-44.614597,6
23.611755,9.1460085,7
15.805601,74.90524,1
-8.764643,-0.45372802,6
-16.08716,52.028732,5
-72.78045,-10.635313,4
-5.691524,-72.25629,3
-23.412542,6.1274085,5
27.69092,22.924498,7
-66.73689,-30.607962,4
-73.20507,-9.704101,4
-33.510433,-58.1377,3
10.987554,73.17198,5
-52.3599,14.392914,3
40.180042,29.384335,1
53.869785,49.256447,2
-17.009192,-3.9259338,3
20.964798,-28.821041,5
17.15441,-40.755047,6
-15.1272135,9.360462,3
28.038048,-26.352465,1
15.486876,-14.128105,1
33.871,48.278103,1
76.48451,36.277027,5
-18.96992,-44.8074,4
-23.433617,-6.2415133,6
-57.5285,-15.576442,6
-10.636449,44.048447,3
-58.304253,19.3532,3
-19.610004,-56.911697,6
53.753246,0.26721007,1
12.376368,-41.06795,6
6.512534,67.77396,5
4.3349223,17.297886,2
-19.508476,-8.653579,3
-13.230668,23.955647,1
19.821531,64.08441,5
-49.071735,-12.332107,3
11.160531,24.082396,1
54.341427,36.761703,7
43.73084,-7.686088,7
13.584701,-7.1371436,1
58.029037,31.874098,1
54.504086,-7.524839,1
-44.006332,-22.886652,3
-15.746444,-15.690473,6
43.047646,49.487495,2
-68.6192,-22.361702,4
-60.65776,5.728924,6
45.52236,1.7660823,7
38.230106,37.994656,2
27.707342,21.371134,7
-68.48466,12.775232,3
36.386154,-14.013715,7
-34.898792,29.901758,6
56.380386,44.09226,5
45.122818,-30.098787,1
19.063244,-17.526575,2
-63.07134,16.106905,4
14.958056,69.13011,5
-18.884012,-45.100986,3
31.669174,38.407196,7
24.256786,-48.394444,6
-67.43362,5.162834,3
61.010036,29.048748,7
2.4832976,-58.92068,3
-26.633902,-59.852917,4
9.295505,-66.29686,3
-32.31275,28.268301,6
66.57024,-3.0539427,1
17.836016,-32.938576,2
5.0362453,29.175741,7
14.293334,66.57299,5
33.81932,1.1576947,7
-49.737404,-2.6699307,4
5.663902,40.934746,7
19.549227,-36.956184,2
21.320919,-11.996681,2
28.569372,63.64733,5
-20.411325,31.782434,1
-28.629879,22.356028,2
-43.2551,-43.18368,4
38.557507,36.46633,1
60.41016,-15.447404,5
24.254139,-8.609349,1
-14.059193,-61.91593,6
24.494324,-16.51937,1
6.4383826,35.284622,7
-71.058266,3.0984583,4
26.5476,0.1141892,5
-0.4376782,-14.538151,5
14.357702,38.045525,1
31.837671,-8.556747,7
5.5619006,61.456367,5
-11.025176,-45.8395,3
4.6793556,48.75706,1
-2.0446665,20.476168,5
-31.423382,-47.755123,4
5.1960325,19.438131,1
64.80119,8.327997,2
-14.074325,37.17159,5
0.6320009,-69.071884,6
45.529022,1.8949937,7
-43.45103,-23.659256,4
-34.87533,25.769642,6
-50.709015,-2.5615995,4
-20.401272,9.015179,5
-20.942295,42.4352,5
37.59519,58.349316,1
-37.415527,-35.857014,4
50.67014,12.655164,1
-39.384182,-25.759026,4
-18.292702,-49.247337,3
0.5885074,-10.26951,5
52.35915,0.27380332,7
-20.8955,35.325497,7
0.29867715,27.331182,1
-25.170614,-10.205964,6
-55.043114,-27.698572,4
62.053524,-7.345625,1
-4.052967,-20.040733,3
44.70866,33.48546,7
25.82086,-45.06097,5
31.538591,-10.100373,7
-10.586661,-72.54044,6
59.102005,7.316479,7
25.293331,64.23918,5
-64.85124,0.7325573,3
64.0461,20.050928,1
35.032997,-16.422415,1
-54.577274,8.428681,6
34.539146,-18.868145,7
-75.115036,-8.971304,3
20.003002,-14.3825865,1
-73.09089,-7.7563524,4
62.02026,31.095392,7
-14.341472,10.0771475,5
-29.753046,21.41872,3
18.197199,-28.43488,5
8.405155,71.32977,5
2.7852976,-63.708023,3
-10.50064,27.680191,2
-4.513011,-24.567738,3
-31.459894,-54.533592,4
25.418673,-2.9604292,5
-0.30800024,-10.821629,5
30.310896,33.883614,7
54.567356,-1.7033561,2
-11.755957,-45.258858,6
-32.706795,0.94515055,3
22.904026,8.00055,7
-9.0302515,-7.0937886,6
15.216735,-22.0707,1
-16.744486,0.36416757,3
-47.55252,2.9151957,3
-29.463882,24.738712,3
30.758255,13.875747,1
-1.3891324,-17.652418,3
15.912936,64.15499,5
21.265736,41.628498,1
20.269976,-50.878395,6
59.817936,39.306767,1
4.5406785,-77.28001,6
62.97114,31.371624,7
49.89146,18.628988,1
-5.168335,-61.312885,3
-7.0423374,42.47737,7
2.325158,62.135384,7
-8.543644,-63.302967,3
46.075874,-0.6504143,7
-25.911453,-45.42568,3
-68.291756,-13.286339,3
-81.60719,-6.576441,4
-7.3691797,-26.43298,3
22.730755,45.382145,2
63.992756,-4.6189337,2
-11.199306,-45.69994,3
26.759056,0.048131414,5
-43.72936,-23.381893,4
-4.5079947,11.427706,5
15.251431,-43.658802,5
24.60906,-31.255672,1
-66.06616,-23.571085,3
-40.576046,-34.257942,3
-8.326119,31.796127,5
24.793304,-49.1736,6
52.664955,52.655,2
31.677446,-29.208265,1
-46.60551,-12.607254,6
-34.117874,25.447319,6
-20.462503,42.63829,5
3.836096,39.05277,7
21.763542,44.335945,2
-57.66508,13.662118,4
-1.82141,-75.07517,6
-6.385772,-64.20074,3
-17.916721,-48.413986,3
14.068501,76.23319,5
-5.319533,-59.411827,3
46.822952,27.744001,1
57.56397,-5.6234407,7
-12.714416,50.438488,5
26.829576,-4.626856,2
-59.360245,18.93798,4
35.088623,-18.608356,7
18.653524,41.530037,1
54.16351,9.874034,1
-2.9493418,19.334295,6
1.0216337,11.052424,5
-71.266,-15.481789,4
20.841501,65.65434,1
-19.089832,8.79385,2
-10.307681,-62.954838,2
-13.714234,-65.674324,3
24.92914,-42.554577,6
63.051403,35.61987,2
18.655525,-32.211796,2
5.971107,-75.756744,3
-39.09524,-22.602167,4
19.689594,17.098991,7
36.684013,-11.475307,7
69.636185,29.293068,1
-58.702156,-4.843232,4
-18.384945,-13.909589,3
2.6878994,13.862992,2
11.46748,67.065254,5
26.161108,-29.919085,7
44.79475,47.122276,2
22.341715,-3.2164688,2
-21.84279,11.557576,5
8.756677,18.697746,7
8.839662,-73.31814,3
9.286541,59.904907,2
41.026093,45.270565,1
16.165762,-25.650276,2
-3.2474482,-5.637978,2
-2.6142173,-21.216173,3
-2.6195185,36.651806,7
43.703266,45.387436,1
-27.708832,0.9527257,3
63.008465,6.5176754,1
-24.810131,-39.169365,3
-73.74242,-8.173084,4
-6.1315145,-59.2612,3
-8.594481,6.2288985,5
20.894707,65.15886,5
-69.08498,-19.598843,4
34.58548,-19.148224,7
17.735142,-41.932846,6
-52.134262,-34.56723,4
18.573013,7.8389816,2
23.800055,-42.584,6
2.8581312,31.546139,7
-3.9457352,36.423885,7
-12.528226,-57.143032,3
-3.333421,-51.822853,6
56.783257,0.48925155,1
-19.56664,-50.85673,3
-43.94354,-13.490662,3
-54.821903,-27.772306,4
0.9779526,11.191688,5
16.396273,-24.0543,5
23.546177,-5.675789,1
20.814243,-11.625709,1
18.350143,-16.296404,5
28.315218,-27.003746,1
39.09173,56.567677,5
43.769604,-9.856383,7
-30.49241,27.99587,6
-14.671574,13.119201,3
-56.17228,-16.76879,4
-0.73210907,-70.88657,6
-69.055626,-16.100864,4
-20.471094,51.773712,6
-17.726887,48.877754,5
3.2666879,31.387344,7
-40.630745,-23.184,4
7.791223,65.86276,5
-7.909486,-11.174247,3
3.379541,-59.635273,6
55.640827,-18.834799,2
64.87279,7.9738326,2
-80.13486,0.81425095,4
-40.75389,-32.908558,3
-61.160378,24.141424,3
-9.606297,-5.5412683,6
-28.666662,17.081518,6
-16.646294,52.78614,5
36.092815,-20.985834,1
22.98009,67.56416,5
-45.69115,-0.99195045,6
74.71183,38.370964,2
-66.866974,-25.796316,4
-58.786915,6.405449,3
-20.903418,2.339904,6
48.468147,27.507524,1
-26.896217,8.562572,6
34.896507,0.120629966,7
45.23237,-2.0897598,7
-52.07338,4.8169327,6
-49.860252,13.92607,6
-20.677435,51.79272,6
8.215563,26.1134,1
-22.261106,12.818527,3
-48.952675,-12.970102,3
-47.055824,-14.1615925,4
-13.343762,-60.53339,6
-79.468544,-13.721465,4
2.3618803,-1.2831451,5
-54.902065,-34.595524,4
12.319271,17.891815,7
58.890965,8.249035,7
35.18971,25.627546,2
54.230988,23.278118,1
30.550562,-14.236269,7
-26.218948,20.287107,6
58.07343,36.58604,2
-71.845505,-22.200336,4
-72.84577,-7.9320292,4
12.117671,44.362064,7
-44.43158,-2.299487,6
19.894249,6.215534,7
30.713345,8.659203,7
-69.00952,-27.797697,4
40.75744,54.67665,5
26.264183,-33.796825,2
16.7373,-15.42746,1
-18.995811,-33.214596,4
60.421715,-16.483887,1
22.753363,-22.032894,1
-3.103514,-55.7464,6
24.898975,2.5688593,5
50.7947,14.6269045,1
32.34239,40.89409,1
-37.303448,-45.056057,4
27.024265,-18.404575,2
7.4925365,-31.896044,5
18.85055,-22.814432,5
68.7431,24.80821,1
-16.443497,38.743866,2
23.752089,7.71492,1
21.080877,-8.118462,5
8.820072,63.32407,5
46.061325,-23.980839,7
-22.358915,45.668602,2
-16.720394,50.756844,5
9.35264,-71.102715,3
15.135927,-21.58796,2
49.238552,13.871209,1
-12.743612,40.638107,3
-5.942311,-65.16939,3
-80.850746,-4.8100376,4
-56.255844,22.457983,6
-28.890722,0.84196407,3
40.053326,54.49227,5
34.595715,19.182476,1
45.54761,1.8196392,7
43.116573,50.17982,2
-58.426052,-9.601476,4
-4.8570166,-61.456036,6
11.221268,-12.403118,7
1.8510782,62.069046,1
-21.493881,44.888393,5
-8.409159,-56.853336,6
-62.19299,15.093452,4
27.706442,-44.028522,2
-26.480957,19.415445,5
-36.85509,-18.227869,6
35.938976,35.184765,7
44.42106,-9.9916935,7
19.708122,51.979996,7
9.769952,10.816451,1
-42.908913,-14.491778,3
45.53285,1.8851289,7
-79.15367,-13.97772,4
-22.31897,-12.994132,3
63.560318,-4.5221806,5
0.009446932,-61.09159,6
-63.605335,16.122679,6
65.2032,-2.4220567,5
-3.8741481,44.611385,7
-6.5366726,32.907185,1
14.992643,50.93269,2
1.3989156,-74.05964,3
44.156307,20.05249,7
5.774239,67.5137,5
3.5574565,31.129522,7
-26.72291,4.2005424,6
57.375557,21.361723,1
-67.92958,-14.156289,4
33.50746,-14.496365,7
9.6473,74.2408,5
31.843824,-8.369805,7
-10.356698,-14.251181,3
-73.62835,-21.990984,4
18.888203,-44.155476,6
34.88564,-18.319391,7
56.56872,-14.202463,2
6.794487,10.867612,1
-46.154076,-33.867542,4
16.40244,33.653534,7
-33.896427,20.339935,3
70.2576,26.195679,1
28.234283,9.725439,7
-13.307198,53.53833,3
-63.201866,10.029852,4
-57.8018,27.220026,6
-18.793324,-11.277052,6
6.1441317,-60.32552,6
-16.61383,47.04537,5
3.434447,-55.426777,3
1.1677331,10.648619,5
29.093554,37.718636,7
-3.1216986,-15.207617,3
10.083487,74.589264,5
-22.041916,31.806599,2
-21.29594,44.6654,5
42.141174,33.193542,5
-55.23005,23.46267,6
45.613846,16.874514,1
7.1776977,-68.77828,3
31.857454,-29.598965,2
-56.846478,4.4199247,3
-17.933609,28.49361,5
21.494019,-7.734761,2
-80.0474,-14.416576,4
-29.969532,-54.847946,4
8.861605,78.09956,5
13.352613,5.0186143,7
-0.6562405,15.629101,2
-20.563545,9.6589155,5
-9.708836,-0.22359328,6
-3.514033,46.082672,7
28.821493,2.0836987,1
-17.602772,-1.299518,6
22.131178,70.66944,5
-52.789467,-29.799528,4
-19.196966,-45.38884,6
24.401491,-12.868296,7
-2.4860857,-39.747627,3
27.886032,23.273827,7
-63.2458,10.6269655,4
-12.20783,-12.059313,3
33.76102,-29.46411,1
7.6130586,67.69858,5
-75.7846,-11.578249,3
-17.329607,-3.748434,3
-27.278605,-44.77269,6
-60.20998,22.640709,6
13.825108,21.282108,7
-80.70934,-13.819858,4
-60.268295,23.089834,6
32.484627,37.396484,1
-47.065525,-29.290518,4
-5.259647,-49.55587,6
75.76515,33.885895,2
-36.01225,-15.875991,6
63.098396,-21.465475,2
2.036168,42.73217,7
36.766834,-16.504898,1
-5.5803223,-24.394308,3
4.375058,-17.328764,5
-58.823902,6.433746,6
-22.14641,-11.4829035,3
56.686836,22.55713,1
-11.300286,41.825787,5
1.4553779,-22.5419,2
-23.706127,-63.55444,4
-12.931593,44.959698,2
-68.15017,12.986328,6
-80.423805,-14.066244,4
-6.0114336,25.401482,2
35.566597,59.208904,2
-15.95615,38.545906,5
46.12164,32.029076,7
-51.50045,-11.4969015,6
29.403927,34.047466,7
-72.77951,-6.867969,4
-22.792532,31.969572,2
-39.064056,-18.355453,6
5.9761853,66.88361,5
30.930265,13.960006,7
-71.21627,3.2072735,4
1.2819095,31.318121,7
27.667742,-44.32855,2
-1.7391318,1.9729748,5
-20.33667,42.696053,5
15.345373,-25.818588,5
12.629894,17.907295,7
-22.534283,15.004718,3
-31.543013,25.917133,2
2.2684631,21.175932,7
-8.893858,-66.504295,6
-37.503674,27.302,6
28.810205,-26.305363,1
36.11233,35.15043,7
6.6602063,11.361278,2
-57.696766,-19.142426,4
-17.336685,48.90115,5
22.166718,-26.81704,1
-12.376999,27.226542,2
-23.948841,-63.260303,4
-22.60731,0.79852104,6
20.22048,5.9845896,7
-8.579129,-64.471954,6
-3.3705676,-12.260891,5
-27.273024,-63.715683,4
16.562626,-24.295994,5
-52.159775,15.532659,6
-25.035397,-6.789718,6
27.139782,-23.616875,1
60.79954,-8.224394,1
68.07006,25.666435,2
9.37645,75.39012,5
7.042455,9.367764,1
32.394047,62.78837,2
-52.99995,16.30336,6
5.3321695,40.94271,7
-16.026281,-18.797672,6
3.4301407,14.097589,2
-58.132626,-17.93266,4
7.320202,11.516742,7
13.57477,25.57723,7
-33.307808,25.554562,6
45.447075,-2.0107388,7
-53.64906,-5.457689,4
-18.667725,-45.976074,4
-70.464676,-15.479757,4
11.634248,67.05598,5
-70.02207,-16.25373,4
-19.312449,6.0244665,6
-9.081303,19.933378,1
33.240475,32.7358,7
50.686417,17.665825,5
-10.8352165,26.359015,2
-27.646923,-50.784286,4
55.456745,-15.795772,2
38.808964,36.196293,1
-18.892464,-2.955764,3
-46.147415,-43.371506,4
30.23359,40.206295,7
27.897936,0.43081132,2
17.099184,28.129898,2
-70.67994,4.569812,3
22.653925,7.3740664,7
1.7155457,37.358807,7
14.028062,18.431177,7
-24.940166,-45.257996,6
-32.597294,-57.84532,4
-23.058784,44.23482,5
10.883669,-7.468668,7
-1.6599655,46.33734,7
20.40389,21.056484,7
-48.26895,7.76591,4
38.55732,56.87852,5
-68.2612,10.399287,4
-1.3103536,-57.202953,6
-20.036026,42.905582,5
-64.56127,-13.183852,4
61.23519,13.455161,2
-6.4185643,-56.579113,6
56.217182,0.86643046,2
4.2342687,-0.18392795,2
60.72418,18.46146,2
-29.061043,-50.073414,3
-8.9367285,-16.13988,3
20.85291,-28.615225,5
61.135445,-5.7811933,2
-60.30873,23.61686,6
54.18086,-0.60901105,1
0.34381524,-63.92211,6
8.962,-71.64535,3
63.18649,-10.658258,1
-28.153246,17.898216,5
-25.359306,-37.731525,4
-21.578093,-16.99372,3
-47.539165,-2.8681839,4
65.19506,-1.084574,5
-6.7008944,-67.85726,3
-32.51103,13.385186,6
15.1247225,-6.158328,7
18.75838,68.55205,5
-40.696007,-44.56037,4
-45.93411,-43.577866,4
9.17309,59.338383,2
-25.108084,-40.94428,6
26.722694,-22.55796,1
-51.918125,-2.4022126,4
-49.931316,-21.987543,3
-54.91037,-24.535648,4
-26.531715,-59.863846,4
-17.276642,48.72777,5
-29.58036,10.656917,5
28.322649,62.213154,2
2.2422557,-57.51165,6
70.672226,24.96406,2
8.036595,-31.642698,6
26.378887,-47.679718,6
-16.85378,43.848602,5
33.66079,-30.017021,1
-8.544554,-60.64364,6
24.514261,-5.4281425,1
13.889304,40.424686,7
18.662891,28.866816,1
-42.92858,-44.89512,4
-0.4441801,28.93181,7
13.225315,-8.150708,7
3.8103986,18.933912,1
57.301968,24.302008,1
63.051468,12.602957,2
-2.4876838,-39.733677,3
-19.337305,-18.195658,3
16.16665,-46.944607,3
17.701452,-42.997673,6
50.988377,12.864381,1
-31.412514,-57.371452,4
-50.59234,-21.381468,4
-27.06651,-63.756435,4
-30.356674,-56.668736,4
-3.6399336,13.9309635,1
-11.22047,50.654835,2
-5.3232393,-55.974007,3
-33.626606,1.8569282,3
-78.63233,-15.196568,4
51.452908,16.94105,5
-25.594,31.966038,2
27.421146,65.31602,5
-62.654835,2.1952631,4
-27.285423,23.584742,2
-37.396996,-35.053383,4
-20.613388,-37.593266,4
-58.164898,15.913676,4
8.083364,77.23983,5
46.21475,-30.173622,1
70.30727,25.727732,2
-75.65847,0.7299506,4
17.296255,-35.839405,5
53.71295,-20.919079,2
-0.8667363,-34.030323,6
9.861343,72.89772,5
33.881607,39.12954,7
-23.393906,-5.8554854,6
-47.329227,-27.321568,4
-10.69314,51.38806,2
-31.509054,21.73172,6
29.570724,-22.43846,1
-12.500018,40.65714,2
-32.175453,24.76149,5
-1.693671,41.276737,7
49.83994,24.710676,1
13.35978,-34.60008,2
-29.681063,10.601716,6
59.693974,-7.1662364,5
62.478596,8.829384,2
16.443316,-14.836145,2
-58.707138,9.203332,4
-1.0551337,-34.699757,6
24.612299,-15.897828,2
20.451998,-50.67125,6
-40.80942,-21.6345,4
14.774031,-26.296707,5
-35.258587,26.72249,6
-56.034504,14.106345,4
-3.628341,16.529167,6
30.545418,-2.9718854,1
45.808784,-1.7306988,7
-31.433142,-54.314865,4
11.32542,67.31158,5
-55.11005,17.695597,3
70.64887,26.422735,2
9.639067,-14.480471,7
-31.408617,22.46666,6
24.734003,-38.800907,6
38.98962,36.665047,2
33.093155,39.257202,7
53.286236,34.013233,7
-0.009839046,-73.49561,6
-10.001698,38.379158,5
78.314064,36.123028,5
-2.925133,-21.36043,3
13.040158,64.12985,5
24.342955,-13.754966,2
-14.979152,52.115997,5
25.424969,50.745525,2
-58.76799,6.414033,3
22.722626,-30.458225,2
50.59067,51.93783,1
17.811308,9.4775715,2
-56.523384,20.49522,6
52.98939,53.941364,2
-70.62123,-14.481074,4
24.400408,-45.079594,6
49.4789,3.890789,7
-63.202717,4.60341,6
-77.84721,-13.948741,4
52.91483,44.65818,2
0.20532918,-14.842901,5
-9.208698,2.213877,5
-45.875603,-33.60159,6
-13.379159,53.48088,2
-46.824654,-13.686489,3
-68.096214,-21.521343,4
3.2837553,26.926508,1
38.19299,51.852867,2
65.568436,12.578746,2
61.57642,-4.0684,2
15.251708,-23.76895,5
-55.43839,26.320095,3
-3.0680664,18.355465,2
-6.417641,-62.90411,6
21.17926,-23.479027,1
2.9742632,13.698627,2
57.39423,32.07368,2
65.865616,-10.616327,2
-56.70635,21.023615,3
-13.351991,-73.99368,6
-14.173005,-63.709267,3
-17.534517,-67.76742,6
47.583687,37.92266,2
56.45123,0.04407266,1
-4.406621,-26.923162,6
-12.690663,51.7547,3
54.204185,49.00607,2
-19.754166,-56.79364,6
54.76216,-1.06073,2
50.391163,22.183386,2
-3.4414184,-12.201591,5
-3.9275966,-15.389639,3
-3.265393,-15.172538,3
54.481174,-8.588619,7
-34.408825,-56.60409,4
-75.6086,-3.6888242,4
-27.06768,33.343555,2
58.97401,-6.412308,1
-69.54314,-15.908952,3
48.7194,39.533417,2
-36.474335,27.337025,6
-20.966402,2.371298,6
1.4743191,-68.74901,3
-65.13074,-14.465008,4
16.196815,32.748013,1
54.02729,11.08751,1
10.738925,-67.577965,6
-52.477104,-35.013462,4
-18.73648,-7.694211,5
16.2755,-7.0647407,7
16.699175,64.67594,5
-13.546904,-49.768753,3
-2.5613947,-59.913837,6
-58.25124,17.770727,3
59.066742,-2.5235357,1
-15.16198,9.235961,3
9.880385,78.38224,5
34.887447,0.5248986,7
-16.57822,-32.881683,4
-22.571293,46.733273,5
68.33785,26.788832,1
-0.6576656,-70.78255,6
14.406548,33.085407,7
33.335846,48.13707,1
-31.200186,26.266632,6
50.349014,22.081171,2
-18.725183,8.356373,3
-45.963844,-43.69564,4
8.184013,-30.835863,5
-11.649808,-8.274213,3
16.693394,-13.917058,1
-55.55696,25.658802,6
31.798822,-8.44798,7
-13.730254,25.060997,2
5.7844625,41.18916,7
-18.696331,-18.356293,3
11.788348,63.601746,5
46.159893,32.29552,7
22.546675,-40.48427,6
-18.080715,11.813698,5
-14.144318,21.226587,1
4.372314,-6.1046762,5
60.57074,-16.886034,2
6.448016,60.725132,5
52.664665,26.962088,2
-10.38098,4.9834332,5
3.8170664,-68.17347,3
-60.854755,13.104086,4
54.841953,20.653055,2
-60.526127,24.160736,6
43.399967,-7.6994224,7
9.008532,74.35572,5
50.65961,50.022675,2
-9.44521,27.201641,2
75.89356,25.248493,2
22.977303,-43.124058,6
-13.685123,-64.37456,6
30.596363,-14.229362,7
54.426388,25.850407,1
-53.810028,3.4070077,3
32.813297,-46.52209,7
-9.120943,-12.821808,3
62.018177,-18.654684,1
-12.544069,44.87397,5
63.2114,-4.4404736,2
19.42733,25.907043,1
-20.398117,44.335052,5
30.074133,1.3166224,1
-70.49394,-26.095612,4
29.03087,-29.89496,7
-11.41033,-48.694283,4
8.145386,23.967537,1
46.805363,15.250434,1
8.984873,-73.2399,3
31.183537,-20.639269,5
19.724163,-19.233406,1
-11.581089,-51.44837,3
-21.532751,-4.280616,3
6.683609,-22.642038,5
-10.926201,5.1341257,5
-59.045605,26.042425,3
-81.087685,-13.063518,4
15.158209,-6.7182517,1
-10.808169,52.84059,5
-1.8854501,-69.69371,6
29.339054,-1.453321,2
24.167227,-33.470226,6
16.200327,16.746874,7
9.114309,71.115105,5
-15.77093,-15.767761,3
-18.962267,43.853325,5
-22.999557,35.984875,1
34.130207,-32.135895,7
36.305634,24.323599,1
30.019855,16.772469,7
52.608814,-8.954093,7
35.841553,2.7291448,7
25.058401,-12.783606,7
-6.1356063,25.597652,1
74.049355,32.14025,1
-5.866628,-50.91086,3
-53.907402,24.355318,3
-10.315472,30.330112,1
-27.52306,33.484867,6
-17.76011,9.518521,2
-10.384021,5.4292517,6
61.83965,15.781718,2
-0.7034445,-10.916332,5
19.92589,43.609314,1
49.60606,44.767635,1
54.619984,-1.9314557,2
-55.400703,24.845545,3
-70.5097,-21.711203,4
14.362716,21.124641,7
-56.523125,24.56183,3
32.85535,41.184677,1
61.241005,21.203815,1
22.363613,7.3238173,7
38.09545,26.301432,1
32.222027,37.414356,7
-13.195924,18.231106,1
-44.094624,-42.55753,4
46.62401,40.39689,5
-56.386913,17.816746,3
73.89377,26.844654,2
31.901476,46.59884,1
4.766375,-63.205536,3
-46.505177,-0.10096381,4
-7.996873,-54.551826,6
-54.78708,25.973562,3
76.03976,36.17404,5
-39.557808,-18.456015,4
45.061867,-31.380602,1
-38.49632,-21.012724,6
54.02157,-12.143196,2
-52.00121,15.022798,6
-62.216133,2.1402438,4
59.88705,39.236904,1
16.180714,16.762924,7
-54.710102,-2.413771,4
6.142267,-72.96849,3
-3.3289585,17.671688,2
-34.063076,27.144642,6
1.6987928,42.873596,1
58.369473,31.347376,1
22.302633,62.206223,5
-57.713898,9.624397,6
-16.041292,-47.412712,3
20.166203,21.484835,7
20.287846,41.87318,2
49.29421,-10.614886,1
75.77397,36.358013,5
-16.644604,-46.46378,6
5.7598677,-59.79036,3
65.46444,-8.856446,1
-9.606063,19.485847,5
20.964815,67.76132,5
4.155051,-66.404396,6
-1.8915279,1.9403071,5
22.41518,-24.092325,1
23.522228,-16.890282,1
23.561068,9.308488,7
32.050434,-14.827357,7
46.110634,32.17704,7
-22.529112,45.77709,1
-11.267576,-14.268876,3
-41.166954,-10.346502,3
15.298825,-26.468382,5
-44.417152,-16.01606,4
-7.916858,-18.011625,3
-47.17496,-33.69951,4
45.111828,-31.517712,1
-21.09292,-37.018017,4
2.1144373,-12.723946,5
12.992983,56.73837,1
10.834323,-6.6254687,7
-32.455204,24.355461,5
17.01275,12.974525,2
33.677036,48.127037,1
41.14255,37.834545,1
-62.91489,10.659359,4
53.93781,25.036545,5
16.78348,-40.170555,6
11.664363,27.543251,2
0.14087354,13.294505,5
-4.300867,55.74061,7
9.028864,-71.348305,3
8.347102,27.7002,1
24.651495,-31.304531,1
-18.448711,21.797514,6
-0.83468795,-67.97429,3
1.8486254,-65.09885,3
-77.55077,-16.016619,4
-0.8269718,-12.153545,5
31.553007,57.98572,2
74.74494,38.705074,5
15.82421,40.75137,7
17.025143,-32.738556,5
-19.732674,32.165398,5
34.61728,59.522053,5
57.019993,22.273224,2
-64.33997,2.5607376,6
24.385448,2.765731,5
25.421968,-27.491005,7
-1.9977643,-3.8612742,5
-27.482218,33.38502,6
-46.68294,-14.72128,4
-41.06085,-44.15285,4
-80.91427,-2.8578935,4
-70.78377,-8.394833,6
18.372704,-21.407345,2
62.546803,30.741148,7
-71.46231,-7.426877,4
29.600616,-22.155178,2
16.243752,25.052164,7
-6.0984697,-50.522907,6
14.4748535,-17.578638,1
9.459165,-13.9389715,7
13.28599,58.497345,2
19.923904,2.1347675,5
40.414192,55.16618,5
-53.15313,13.455257,3
-79.96273,-13.432884,4
-29.5913,10.09464,5
25.482124,20.985704,7
75.60972,27.302073,2
26.287645,-29.721455,1
-78.90708,-10.083455,3
5.378699,-70.949425,3
59.23966,6.985297,1
8.503178,78.029724,5
-15.089958,20.81112,1
36.664616,57.137203,1
-15.274041,-63.08746,3
-34.021805,31.058168,6
18.67462,42.083393,1
-51.10957,-34.723866,4
-10.138939,29.941998,2
25.39869,25.37638,2
54.054844,-14.535535,2
58.349102,-10.598326,2
3.8050714,61.424976,7
21.77856,-21.212934,1
-8.135667,-10.613892,3
18.117378,8.156518,2
-3.116641,-24.697783,3
6.8531923,11.090166,1
53.20188,-16.055153,2
2.599685,-12.152088,5
58.079544,23.127142,2
4.8170714,-16.715837,5
4.3747287,-68.68591,3
65.00606,0.7641417,2
11.486181,18.267534,7
4.4506707,-70.65601,3
42.40496,-8.740614,7
-2.528137,16.124205,2
44.525845,51.013416,7
-30.328259,-54.499466,3
31.975487,-1.6542902,1
53.382633,51.566616,2
-69.19814,-25.353811,3
32.437866,47.11458,1
-21.634392,-42.326923,4
-29.832298,-1.769125,3
-9.135485,-12.808491,3
8.608064,-31.848305,5
16.722448,39.681797,7
16.265776,-25.187904,5
-17.654549,44.55344,5
-66.26724,-24.61215,4
43.24074,33.74724,7
43.30769,32.635914,7
26.178932,-7.531297,1
-72.82834,-0.6600546,3
-14.2026,51.510216,5
-0.8995888,-72.77541,6
30.395554,9.715215,7
-11.453273,-44.63699,3
-67.02592,-25.720684,4
-52.03129,14.223361,6
-18.400269,49.7097,2
-0.4072547,-65.49878,3
-73.77391,-8.742261,4
-34.74966,-0.94317836,3
-59.905617,21.96522,6
55.953857,-14.0897665,2
32.9226,38.86851,7
1.544351,33.00155,7
5.6219,70.0192,5
-34.84194,25.00095,6
73.41505,26.920172,2
14.491468,38.412716,7
-4.6037636,-8.183333,3
5.8161716,-59.491234,3
57.249928,16.156733,1
24.854939,-11.820444,7
-67.79834,-27.216423,4
-9.622727,3.3510687,5
64.20407,14.496659,1
-81.51568,0.607106,4
-10.609643,50.152058,2
-46.702747,-2.687262,4
62.14745,21.504332,1
-11.5548,40.306557,2
0.7898273,63.424603,5
-20.23362,30.762522,5
-29.23615,12.648226,2
75.0017,37.2086,2
30.542646,34.061493,7
48.636024,28.269636,2
76.55846,36.838684,2
-2.17107,-14.03348,5
14.8673935,-24.38241,5
44.181248,49.200287,2
16.24952,16.70376,7
51.759804,24.97858,2
-76.12447,-4.9834766,4
42.97481,51.52344,2
66.66874,-11.797066,2
15.8802185,70.04037,5
60.033985,-15.319945,2
-38.973595,-25.39027,3
13.190657,-45.257427,6
-77.98773,0.9458591,4
-71.71686,3.4518313,3
-15.653405,13.446513,2
46.389973,40.098057,5
5.73376,0.68716055,5
32.270027,19.605886,1
-3.6742353,-37.3384,3
44.015247,-29.185833,1
-55.42713,14.5783825,4
-63.43044,-0.48881242,3
-24.536522,-30.90602,3
6.169203,1.4103202,2
-16.831858,-40.36233,3
31.443203,-14.294433,7
-50.560257,-2.1873195,4
65.28413,26.434887,1
53.550205,-15.871754,1
-27.070946,-45.643066,3
-20.174099,10.622436,5
-5.121904,-73.095535,3
-56.505154,-17.517496,4
24.295929,-25.54755,2
4.2224045,-59.309357,6
28.78954,-37.21894,1
0.12898336,-68.307846,6
-77.15632,-4.752256,4
0.9514862,-1.4965613,2
54.36051,43.95265,5
61.7286,16.7883,2
-1.7558331,-21.134527,3
43.90249,22.674004,1
-66.4327,-29.801643,4
46.852646,38.789227,2
52.131508,17.202127,1
-3.6563826,-30.00319,6
11.289259,65.71913,5
-50.269146,14.8626795,3
-8.576618,-67.15823,6
9.897422,-15.056206,7
-58.912468,21.032614,3
68.21699,25.82603,2
18.412258,-43.4813,6
-18.366644,-38.341904,4
60.581734,18.473373,1
21.378614,-33.467278,1
-8.913175,-57.907482,6
32.528683,20.552454,1
-1.3635079,-62.285767,3
3.9762287,30.825893,7
66.05117,26.951176,2
2.3806589,9.733375,5
-10.318208,-44.88791,3
-1.6426328,-14.727652,5
-76.10771,-21.44563,4
-60.91722,5.17653,6
-36.42151,-15.590166,6
-1.3295,46.75304,7
-19.170774,-2.163221,6
-21.200243,-65.59745,6
-54.08377,6.912712,3
-9.011069,17.53596,2
3.001332,-60.17259,3
18.36033,0.82689434,5
20.464481,-23.967157,1
33.10356,-41.235504,1
14.967235,25.367685,7
-8.86593,-55.98604,6
-53.140846,14.806262,3
-25.27828,-10.027873,6
56.04632,27.029228,1
-3.3580317,14.7046385,5
-5.337401,-67.332214,6
-18.30955,-12.960113,3
-24.727823,22.137184,6
-34.82316,31.710262,3
-2.9598403,11.204441,1
-50.518875,-20.582113,4
57.348267,32.381706,1
-2.8573527,57.71941,1
21.458717,-29.273232,5
7.8504887,77.22805,2
43.87549,20.38474,7
-9.989775,-9.403456,5
-68.74338,-8.514868,4
24.312729,-33.727,2
75.05732,36.647892,5
18.599802,-24.407995,5
31.819338,47.81104,1
-7.171462,-64.067444,6
13.296196,63.240654,5
-72.146996,-17.359606,4
28.313757,9.450599,7
-47.141075,-29.47211,4
-35.286648,-47.177803,4
0.940645,15.895631,2
32.555767,35.06438,1
-6.892353,44.791115,7
57.38594,15.055438,2
17.277382,-40.855415,6
-18.151468,-70.96636,4
7.3103414,-75.05319,2
-25.634918,-45.47413,3
3.1528137,20.199902,7
-41.704647,-29.760399,6
27.969597,17.892555,1
55.32442,1.7443068,2
-73.6045,-10.975418,4
-12.485984,45.13639,5
32.61181,-39.40066,1
-18.733192,-49.79384,6
32.15068,59.771217,5
25.779879,-11.745002,1
-25.892221,19.41723,6
35.439674,-18.495312,7
15.008075,69.35807,5
40.663166,-22.484722,1
-17.928923,-45.741524,4
60.514076,-2.2052069,1
54.274574,36.822647,7
14.042873,18.439024,7
17.1479,69.51481,5
-9.27495,5.1571865,5
60.44303,32.437798,7
-3.2012024,-23.889574,3
-52.8683,17.198887,3
13.574947,-7.763551,7
-17.33969,-46.006855,6
-19.421532,30.25154,5
31.952347,46.685955,1
70.04133,23.402338,1
19.334951,66.69959,5
76.38873,32.056667,2
31.582983,37.648975,7
19.05122,1.556465,5
14.189622,65.23243,5
41.18225,46.680775,1
-46.278427,-2.7993898,4
-3.470491,36.9484,7
-42.947945,-42.590626,4
15.163112,20.439276,7
-28.92871,-41.584305,3
2.4969752,9.52991,5
2.688771,-4.1757693,5
24.527166,-34.22287,2
54.70125,-0.6563659,1
-20.346087,30.659008,5
-2.2742336,-72.76149,6
2.3560658,1.642021,5
15.449052,0.12719142,5
43.699005,34.18601,7
-24.969276,-45.449196,6
49.232327,51.78483,2
62.131123,-7.31195,1
-23.47409,30.346611,2
-36.666702,29.646404,6
-1.340626,-24.170353,3
12.045859,60.08087,2
0.9375988,27.220005,1
58.36813,15.036093,1
16.493742,-35.865547,6
19.022106,1.1949326,5
-26.734383,1.3465638,3
60.24621,17.276205,1
1.1304142,-67.27508,3
-43.63194,-1.7849917,6
-54.501846,-35.008614,4
13.791135,-42.08773,6
-17.31563,44.319717,5
14.762686,41.926323,2
30.045149,34.145077,7
-70.23271,-18.833239,4
57.272808,16.338188,1
34.521393,52.81393,2
-29.822395,-8.661984,3
3.3737254,-69.000046,6
45.381493,50.217316,1
2.2505937,-1.2660719,5
-76.33133,-4.72757,4
-13.337942,-74.08596,4
47.500095,40.805283,5
-9.371391,54.141376,2
3.5838048,19.974173,7
-59.045628,25.69413,6
-27.648623,25.402782,5
34.63384,-18.26425,7
-78.04495,-3.9587264,4
-39.464737,-45.569057,4
46.024517,35.57671,7
24.10624,-14.322906,2
-42.873528,-41.625843,4
30.469942,-26.717932,1
45.415024,54.025234,1
-20.51403,-3.4286113,5
26.752928,-40.15463,6
2.9791276,-73.207214,3
21.904705,68.35312,5
-59.17046,11.997266,6
55.847412,44.235245,2
-9.613291,-0.0303273,6
11.281811,-14.300372,7
-13.954244,9.385159,1
-75.85186,-9.552274,3
-9.744455,25.679018,5
6.728263,-72.69943,3
54.101547,24.625647,1
-30.286238,27.952015,6
41.036312,-9.085361,7
-68.1234,-9.15578,4
-76.843735,-17.832146,4
-8.590233,-6.734758,3
53.438587,44.199364,1
-5.8121095,-8.207004,3
-35.832935,29.22014,3
64.76191,22.806454,2
16.462742,-26.256092,5
68.44352,8.949703,2
11.095156,24.063087,1
24.310078,-48.400143,6
-19.313652,-33.040142,4
4.6161695,-77.1667,6
-31.75516,-46.98402,4
-41.508217,-23.974226,4
-49.9805,-30.999016,4
2.282813,-1.2705142,5
-56.41068,-26.750158,4
-12.403274,44.89492,5
-34.86901,-1.0703866,3
-37.21739,-46.34207,4
-31.18936,-54.263145,4
4.756641,-71.09766,6
37.87487,57.276905,2
35.39717,31.671078,7
61.994827,31.185743,7
52.48231,45.463238,2
31.240496,19.89232,7
-18.265247,21.699986,2
46.611588,-26.31075,7
-43.676197,-23.506449,4
-2.7763546,-60.220627,6
-13.676703,-38.27246,6
30.268518,33.92179,7
-9.84917,25.686197,5
-8.118077,-47.472656,3
18.866482,-33.32191,1
-20.133965,30.817019,5
29.620361,-36.285057,2
63.46171,9.150924,2
59.650673,-7.215925,5
0.16261409,-14.684037,5
16.254463,69.49124,5
-57.72683,9.625878,4
-18.731533,8.429825,3
58.534473,29.009144,1
-2.0144143,-58.768623,6
-20.922323,16.130064,2
56.1055,-14.146165,1
9.3028555,76.39341,5
15.785585,74.872925,1
-59.274956,23.259855,6
-18.305834,30.053028,5
-67.91217,-13.083362,3
52.212875,-1.3782324,7
6.799247,-67.94031,2
43.56484,-10.17837,7
-26.841705,21.878063,6
14.357095,-7.688799,7
-15.5230875,-35.344116,4
-24.919474,-56.383007,4
64.30842,33.74631,1
-21.962702,48.287247,3
47.01333,-25.104221,7
-12.613809,-38.75384,6
35.950367,55.476353,1
-73.1281,-3.9416227,4
-26.580446,21.456121,5
35.32706,3.2320876,7
50.627506,12.4748125,1
-18.186026,44.778328,5
75.87578,26.133501,5
-14.69073,-40.66253,3
4.5393434,-19.84097,2
-24.012383,6.843119,5
-32.363697,-46.638977,4
54.992535,0.92575127,2
-68.84105,-5.98952,4
-63.479733,-1.1685196,3
-1.2921547,-72.6728,6
-66.52196,-26.303694,4
26.607529,-23.216854,1
30.55892,9.983223,7
26.226355,0.5814905,5
43.4897,44.57001,1
-6.4984684,32.888718,7
13.636711,-44.88673,6
-2.8180015,36.563103,7
-55.923515,-25.388035,3
-76.90824,-0.95230275,4
-6.6712475,-16.665586,3
-67.65738,-26.454515,4
60.59429,-7.175061,1
2.68436,17.687187,2
3.761661,61.540646,7
-9.276909,-14.647628,3
4.0821133,-18.929441,2
-23.889095,-63.071873,4
-54.48167,16.941076,3
-4.2880025,-55.301758,6
-37.02998,-21.34472,6
-50.44861,14.310313,3
37.975655,-19.783953,1
9.801268,73.84536,5
20.878029,65.29943,5
68.133575,21.811743,1
-17.82598,30.590029,5
-25.243912,30.68499,2
35.615326,31.859612,7
-50.00633,-20.429754,3
-67.77362,-18.97115,4
-10.028226,0.39546642,6
45.140396,49.747387,7
25.028337,-11.835349,7
-12.96434,48.25041,5
20.784184,-44.198402,6
-4.6579247,-24.644829,3
5.707739,61.447426,5
-9.477582,-56.754147,6
-48.556927,9.054215,6
33.972218,29.404528,7
14.53636,49.803566,7
75.46612,36.237785,5
30.640272,8.593447,7
26.047394,-15.884469,7
-31.668526,21.734343,6
18.553053,-31.831818,1
13.387207,4.9959173,7
43.071106,-20.878452,7
45.028637,-31.565939,1
33.46673,38.528263,7
-20.702015,-3.3259428,5
-2.2202601,20.488243,5
25.398787,-24.503763,1
12.300252,25.04884,2
-20.056833,8.63761,5
-44.228523,-43.487453,4
-8.732649,-65.85963,6
14.383207,66.96715,5
-18.170986,-48.6493,3
20.232813,21.911823,7
-31.632498,-45.07269,4
-36.967968,-46.605934,4
-16.521416,13.11753,2
-19.349918,47.286026,2
-10.90106,-49.105713,4
-20.46441,-4.040507,5
-58.82075,-9.458421,4
-12.750673,-63.942482,3
24.62429,63.226887,5
-68.21834,-29.747242,4
-69.91008,-14.378665,4
18.699709,-24.793924,5
23.360044,7.1846004,7
-9.959607,37.971672,5
57.010994,19.287931,1
-81.777275,-4.0469666,4
28.517393,8.870375,7
40.946793,45.406822,1
16.526552,-27.045319,5
-16.763124,-32.69099,4
2.6200027,-63.994453,6
16.830784,-24.880981,5
-49.26962,-23.371666,4
42.340134,-29.978657,1
-25.487396,15.366007,2
71.98961,29.19559,2
-76.853386,-5.0001116,4
57.45214,-10.590411,7
-59.513428,14.386033,3
-1.9327286,42.451538,7
-57.65994,3.8238022,3
30.66908,-3.0662215,1
-0.23952278,-17.605124,3
-23.789135,31.218468,1
63.38809,-16.657785,1
-5.972884,-51.084404,6
-55.213947,-17.504993,4
-29.404787,20.80872,6
46.373753,-25.724245,7
-72.3685,-12.72087,4
8.431148,77.09644,5
-56.561172,20.649462,3
-8.379374,-61.285717,3
20.109468,42.39558,1
17.267702,39.177773,7
-80.6013,-0.865664,4
23.607256,-7.3415976,1
-20.442732,8.734486,5
-3.3863308,-19.324026,5
-33.931858,-57.14218,4
-22.722307,-12.481851,3
34.13725,16.162855,7
43.061813,34.11968,7
-51.056866,-12.6214,4
19.382122,61.371563,7
-66.81188,-30.418749,4
-54.96697,-28.431902,4
-2.7731597,-56.416466,3
-56.493507,26.583204,6
-41.289307,-19.839645,3
-46.718773,0.14425829,4
-12.224292,-38.969616,3
-59.51053,-11.580328,3
-6.8160143,41.367752,2
-66.92895,-29.218277,4
24.994316,65.49919,2
-17.28266,-32.828224,4
-30.768238,25.823545,3
59.50684,-15.565417,1
7.0167274,9.867161,2
54.40579,-12.244586,2
-0.75450546,9.725634,1
-15.789553,-15.799043,3
38.330437,51.838715,2
-40.22514,-22.46867,4
34.09507,1.2083691,7
-29.486198,20.824604,3
-31.742188,-47.717567,4
53.812397,18.896389,5
-75.820854,6.6950355,3
38.291553,51.595913,5
16.883175,-44.44759,6
-2.6812549,-21.627346,3
11.726571,76.0061,5
37.158554,-20.227295,7
-35.95087,-21.656557,4
-9.21814,13.427605,2
-5.5201254,-7.916467,3
-6.8529305,-68.08147,4
20.165207,-12.172843,2
-33.05376,0.9266995,3
-9.413512,1.6785452,6
15.802063,-44.979767,5
7.095066,-33.90275,5
21.590652,-48.659786,6
-11.731158,27.903934,2
-48.730686,1.9799263,3
6.9244967,-62.433437,3
-13.641971,11.434478,3
-47.41158,-15.099795,3
50.734875,-6.6896324,2
2.5306468,32.850536,7
-16.744602,53.023125,5
-46.9023,-33.759705,4
36.67697,-15.967317,1
-66.30683,-24.334034,4
-75.179504,7.8608427,6
-17.483248,31.165901,2
29.835527,16.790459,7
9.584989,-34.934715,2
15.312273,-30.31038,5
17.159296,39.26115,7
-67.31211,-20.662634,4
-41.830814,-44.98016,4
5.2424774,-55.877018,3
22.394117,7.754378,7
-67.11542,-28.48439,4
-20.282366,-4.113105,5
-8.666718,22.383537,1
-18.962744,-29.183647,3
-13.436482,-38.100246,6
43.264446,-8.431267,7
-3.6763704,45.535862,7
-17.542818,48.586964,5
64.54824,10.277198,2
-9.091594,6.2565255,2
46.615932,40.397137,5
8.879178,71.67334,5
-11.505994,42.60757,7
-23.405231,-62.945107,4
-25.849695,-0.3394859,3
34.50395,2.0029986,7
33.8429,16.572083,7
6.1091733,-73.66296,3
29.836937,63.886925,2
50.79593,14.751124,1
64.731514,-0.32296634,2
60.563953,-16.542692,5
12.003237,-69.77419,3
-16.666948,-19.38419,3
-10.488639,53.941612,2
56.909126,-12.832304,1
29.569971,34.13314,7
-24.16062,-42.54354,3
-20.779518,51.8117,6
53.53387,28.135061,2
-0.79511184,-10.893496,5
-6.808605,-17.649635,3
26.541128,0.34863964,5
-2.9644244,-62.327538,3
-29.539562,-1.7195702,3
61.461147,16.657984,2
-15.274442,-47.00892,6
-30.95578,17.276966,6
44.93932,33.25304,7
-0.97210956,-34.26455,6
-8.717801,1.837237,5
-27.269043,-44.71796,6
-10.439975,54.16722,1
32.820843,-46.485516,1
57.50904,-5.5580583,7
57.857635,-15.435559,2
-69.51477,7.789707,4
6.06219,77.26467,1
-18.96862,-29.158594,6
-54.948658,19.06709,6
-3.5736723,-30.170803,3
-24.698816,-56.029655,4
-10.793427,15.709819,1
28.9096,-38.441147,1
-6.3812113,15.010035,1
15.968272,69.726456,5
39.643974,41.031128,1
65.62448,-11.39899,1
53.302563,43.849514,2
-77.98994,-0.47565043,4
21.580965,-48.612553,6
23.794231,10.4977255,2
-77.91777,-16.197727,4
-9.832158,4.6406217,1
23.300398,12.178983,7
39.254017,59.25918,2
-75.58798,-4.1491523,4
18.697319,-22.469175,5
-23.787716,-13.428275,3
-20.348503,44.08175,5
-72.13388,-14.635452,4
-49.7424,-20.301186,3
9.9840355,-1.2908885,2
-8.630178,44.362682,7
-20.28308,-8.802187,3
-69.786644,-27.36217,4
43.660072,-7.9330206,7
58.07603,-10.349019,2
24.590244,66.51915,5
7.725097,-36.19162,5
35.140812,3.0439885,7
0.8014358,-61.573444,3
-46.68933,-1.8873216,3
9.8593855,74.437836,5
-19.45572,-11.310205,3
-14.382048,-73.13767,4
33.36511,32.654194,7
-45.46393,-3.1378124,3
5.9689503,0.6607505,5
-2.8552558,19.364475,6
53.023846,52.534485,2
48.60661,40.26992,5
-10.396012,-10.401551,3
62.506065,9.857921,2
60.54746,-8.098739,7
13.023746,56.99998,1
-2.0516162,36.51716,1
57.58477,-16.524887,2
-74.47665,-8.097269,4
32.11,59.783287,5
12.855955,-41.12263,6
32.00812,-25.78231,1
3.767415,24.517488,2
-8.485935,-0.33192143,3
29.275703,37.871414,7
17.147833,39.156013,7
-49.170963,-11.860016,3
-33.331272,13.949928,6
-62.014137,16.16409,4
1.5313727,32.65293,7
-1.8921262,-65.66023,4
18.45422,35.114243,7
-55.55876,-25.04071,4
22.861153,-16.619638,2
52.868732,21.223137,2
-58.31193,-7.7503886,6
-11.22834,26.028393,6
13.927922,-43.24307,6
-52.440907,12.742967,6
6.544538,1.0356376,1
-33.319935,-45.40665,4
-18.679464,-2.6976285,3
6.1240406,61.462284,5
24.46189,-38.652084,6
36.757496,24.64689,1
16.752817,-46.211872,6
19.447445,25.913403,1
64.75182,-19.421293,1
51.37233,18.017004,1
-49.209587,-2.3694713,4
42.88696,44.46983,2
-8.753299,-69.897156,6
-10.130303,-16.253805,3
-7.192599,42.804256,7
-76.68283,-8.449591,6
-27.64994,25.398209,5
-9.488104,-5.507418,5
-69.6205,-25.232115,4
20.524485,64.42411,5
16.114141,-45.471222,3
2.3353884,-66.822815,3
-1.6869977,-62.671783,3
17.221027,-48.27501,3
5.7534885,-67.83671,3
43.673496,36.54377,7
-16.759508,-72.16981,4
-5.3967633,-72.608475,3
49.28951,26.808752,1
75.13371,35.186058,5
52.24421,-0.8287161,7
-43.449104,-13.460929,6
46.485645,-3.4960957,7
-23.527803,-63.77322,4
-20.372936,8.551846,5
-27.216322,-45.61213,3
9.979805,22.378164,1
11.794804,62.05483,5
53.218845,22.889647,1
54.918438,-8.828186,7
-46.925125,2.3274841,3
-68.71662,-19.950123,4
-4.921098,27.863997,1
-63.6019,5.920588,3
-31.430334,-56.089798,4
-36.966858,33.60166,6
51.05008,52.974827,2
35.587082,-18.526224,7
56.55103,22.544054,1
-40.831875,-21.181772,3
31.35755,-20.516417,5
15.339405,-24.71404,5
23.033798,67.96613,5
41.33675,54.56362,5
-12.363574,-42.883526,6
-46.167923,-3.0384424,4
11.089344,75.97899,5
-47.17588,-29.45686,4
3.9752412,-6.0222425,5
-74.02141,-15.504048,4
-18.924662,10.699287,5
65.10534,-11.468704,1
3.3082943,-58.35127,6
5.808345,-59.071186,3
-12.555659,-10.36701,3
-50.822575,-2.3923004,4
-46.58085,-29.652895,6
-14.200198,-38.480644,6
-55.14932,24.30648,6
30.39252,9.629749,7
-15.911125,46.661724,5
1.1951344,-65.422775,6
-2.9373097,1.8327084,2
18.137861,-16.203564,3
10.522786,-72.58645,6
-24.377234,-9.099522,3
17.922384,9.270323,2
36.78353,-22.579378,2
2.9045694,31.865435,7
-6.911307,-17.570974,3
-47.005154,4.598803,6
-0.5545322,-59.118782,3
-11.065081,-11.752275,6
22.10894,71.09324,5
53.069218,51.14126,2
-65.61867,-0.43944332,4
-31.531876,-58.34518,4
-26.535646,-59.511894,4
25.955076,-42.467598,6
-40.491013,-19.35599,3
-17.515348,-70.84026,6
-67.73768,-10.582508,4
16.66166,20.394115,1
15.41258,12.030825,1
7.056065,2.9159813,2
-34.18494,-2.1456776,3
-54.189713,20.766047,6
9.86673,76.37582,5
37.56087,-15.628532,1
-57.36889,23.152498,3
0.8856421,-36.793747,6
29.728693,-27.640905,1
42.92959,43.046574,1
-9.308397,-16.409065,2
-26.53426,-59.69136,4
-55.312454,25.971365,3
-77.82637,3.970763,3
22.814497,7.4762306,7
18.220627,61.24102,7
-8.503075,1.0851928,6
28.707369,49.373894,1
36.039223,-12.852556,7
12.835249,19.334112,7
4.717811,-73.96747,3
-17.97318,11.96061,5
-14.951626,-44.534042,6
-51.59226,-35.394688,4
45.379227,-3.2786047,7
67.08374,8.099197,2
-3.3889496,22.105026,2
-72.78003,-7.8017673,4
4.0932217,-32.392746,3
-12.118796,-64.298935,6
20.885653,-49.69159,6
62.806747,-17.95433,1
12.978165,56.384247,1
13.141068,27.131554,7
-24.025713,-36.941963,3
32.300686,-37.67936,2
36.36175,-13.111352,7
-15.433149,-43.37978,6
15.249702,69.16955,5
32.04518,59.84216,5
2.3305087,-72.35762,6
32.101086,48.71674,1
-5.552719,-13.667503,3
-76.40721,-17.916384,4
-49.97036,11.076654,6
-25.48099,15.314187,3
6.442342,35.3027,7
-12.210829,-44.46436,6
-35.56868,23.392197,6
13.399782,-33.39172,1
-52.26333,-35.539383,4
6.154226,-19.36913,1
-79.889404,-4.5652237,3
-5.396278,-11.429504,3
12.558357,-41.283382,6
69.66312,24.350822,1
-49.7619,-13.540525,6
32.871536,39.035748,7
-28.81212,33.19757,2
-22.231329,-43.95968,4
75.33142,37.835052,2
9.100267,19.537127,7
7.1589613,-63.044834,3
-8.067982,-56.57358,6
-16.568695,47.939384,5
20.134516,-42.31465,6
8.134097,-37.62271,5
-4.9324927,-71.751884,6
-41.13217,-44.95895,4
19.665615,26.668457,1
-74.16952,-20.496477,4
9.832986,-15.469124,7
1.7185485,43.17655,7
54.050236,45.343178,2
-33.224964,13.824403,6
-57.722855,16.266338,6
1.1837697,27.112404,1
-70.984924,-15.158363,4
67.937096,26.77013,1
-59.65117,22.859966,6
-75.193054,2.2405858,4
-30.370632,-56.082447,4
57.15954,23.45569,2
13.991368,-35.13698,6
66.61577,19.773659,1
-67.575096,-22.46271,4
-64.5246,11.25434,4
0.96066576,-10.124946,5
53.777264,-12.409117,2
-9.336571,31.649603,5
43.088394,-7.3537564,7
40.89965,-9.116045,7
-51.18524,-34.16011,4
2.7229662,-12.568526,2
31.107847,-20.646164,5
-2.234278,17.837654,2
-1.3891025,46.848976,7
-34.426228,29.241413,6
-76.058075,-19.873627,4
-17.706112,-45.659924,4
18.841034,-24.285114,5
45.726048,-25.059572,7
8.858702,-26.194336,6
-66.33277,-10.344545,3
3.832224,61.72733,7
5.4181614,28.27741,7
4.2095084,-72.6887,3
32.285248,-1.029417,1
15.035198,43.69458,7
11.951996,-70.60421,6
20.240677,44.97312,2
15.467764,23.354836,1
35.543304,-18.389177,7
75.52576,34.177265,2
2.0011494,-15.651471,2
54.750706,8.826712,1
-14.2674885,-62.502354,6
-25.62103,0.9823107,3
-59.09385,-0.0017721445,4
-8.1032,-47.468124,3
59.170044,-3.6287544,2
-9.474325,45.37652,2
-78.08572,6.7486386,6
25.085356,-13.380202,1
0.75637835,40.969067,7
65.71517,-2.006729,5
21.48668,5.8411217,7
-8.6976595,-68.07779,6
4.7619596,-33.947838,6
20.485928,69.3117,5
-20.385553,14.97726,5
-7.6234984,31.729063,5
-31.293716,17.49425,5
54.21927,10.503422,1
-17.683765,30.708973,5
4.6294346,-55.83767,3
13.561913,21.4403,7
-25.378534,-37.166565,4
-25.364492,-4.509602,3
75.83652,36.43654,5
-75.272835,0.34454852,4
-30.718924,0.9402024,3
17.215963,-12.809498,2
53.033443,-16.104418,2
-23.26809,-6.8616986,6
15.584859,-22.121372,1
44.50735,51.19076,2
57.253197,20.059958,1
32.176605,-10.165747,7
-2.7059627,-58.934612,3
57.33753,27.40483,2
26.544216,-1.8192824,5
-56.420856,-26.669157,3
-47.000607,-34.0773,4
6.7083244,19.87655,2
63.23821,-6.16503,2
-56.948994,10.301726,4
-23.831017,-61.93895,4
-8.631666,-8.938,2
62.659985,31.130497,7
18.432213,-23.641897,2
-83.165886,-4.8340635,4
-72.28416,-24.586086,4
-75.47743,-22.95349,3
1.1764507,14.681941,2
-15.688677,-48.56284,6
19.42613,-51.42573,6
45.11221,-31.385971,1
31.266253,19.876795,7
-16.028397,13.342103,2
40.99016,-6.5124345,7
-19.450428,-32.710938,4
-30.92625,-57.455795,4
20.173601,51.908752,7
27.740322,21.878826,7
11.69887,-69.35272,3
68.818375,25.322578,2
-37.791412,-23.5121,4
57.354153,27.43504,2
-67.92152,-22.862743,4
10.943463,79.50571,5
-68.60423,-17.438961,4
-12.558582,12.246371,6
-65.0915,-14.442285,4
-17.517435,-0.7902626,6
34.04211,46.624065,1
15.552227,63.355484,5
-12.818676,-38.60924,6
-16.537954,-33.347424,4
46.000694,-30.052692,1
-21.22374,-3.0621808,3
-34.175198,-2.235956,3
-63.057575,16.81572,6
15.449637,0.0353379,5
7.1522756,24.965397,1
14.208513,-8.830382,7
-68.71855,10.126011,6
52.035,46.76765,2
-3.630022,56.404305,7
28.687223,-26.742758,1
38.824257,57.342495,5
-1.6753206,41.66029,7
12.057049,-70.16448,6
-77.14157,-5.696199,4
-67.11882,12.857588,3
26.79085,-2.1401558,5
62.203037,-4.641483,5
-17.456749,49.534245,5
15.58655,69.59996,5
1.5273972,43.729847,7
-57.20599,-25.309885,3
3.8677497,39.123646,7
-15.216869,-12.163004,6
34.13065,47.538876,2
27.107574,64.94648,5
-18.724596,22.049908,2
-68.16894,-23.655163,4
-46.474846,-41.774723,4
-57.350098,-9.593136,3
6.5609508,68.12683,5
53.186962,17.537977,1
-71.60301,-16.31735,4
-72.08096,-4.258804,4
62.373558,-7.994227,1
-6.397215,32.87626,1
-74.63001,-16.63227,4
50.397156,27.130556,2
7.1325326,24.92286,1
-80.69008,-0.08388269,4
22.31302,62.28116,5
64.34147,33.660503,1
42.265106,45.957867,1
34.41723,42.67666,1
-49.08834,-23.737074,4
-6.647166,25.693163,2
14.271147,33.038517,7
8.563746,71.599915,5
-71.399,-22.504272,4
14.62188,33.298965,7
-28.444366,-2.0618532,3
52.808475,16.23173,1
-2.1055954,-20.87157,3
14.01947,-44.031033,5
-31.865984,-55.65845,4
15.381817,-0.3509009,5
6.6366134,-67.15733,3
-49.245056,-11.531172,6
-13.485636,13.380696,2
19.895515,64.76992,5
-1.6095697,51.342083,7
29.008776,-14.076687,7
10.974701,-36.90495,5
-57.179893,-18.574856,4
-51.13711,-11.789845,6
16.201832,-41.56497,5
70.92536,25.26305,2
-53.49875,-6.0247345,3
1.1955935,11.263369,5
61.71398,29.941385,7
-34.425503,25.770899,2
62.780724,-17.90631,1
79.01114,35.91305,5
65.0674,3.187371,2
-3.061346,-74.14794,6
29.247255,-27.488377,1
-71.82571,-1.2032444,4
-20.287361,-44.14419,4
-24.82154,20.33512,6
36.001453,55.51919,2
4.7534294,1.1140862,2
-17.749134,-70.923645,4
22.256979,-27.145836,2
-54.72144,24.840895,3
59.865192,-7.651285,5
-41.443153,-45.229053,4
53.91351,36.50574,7
20.52517,-50.61103,3
-11.970468,-70.975845,6
43.66413,37.25438,7
46.425945,33.798687,7
58.935623,-17.711254,2
-76.31937,3.6644177,6
-10.166383,-66.087776,3
-68.16262,-20.646423,3
-59.174553,0.3216184,4
15.840081,-6.292057,7
44.03148,21.537878,7
-55.171585,15.273649,4
-15.470974,-43.381294,6
-49.091404,14.624377,3
-20.912657,2.354994,6
-30.463984,-56.346832,4
43.989376,21.124702,7
43.377655,20.65012,7
-0.33022878,-13.354784,5
-59.161667,-8.837812,4
-68.03717,9.908241,4
-23.432531,-4.894409,6
-10.111275,3.805897,5
20.201342,39.71103,2
75.06457,36.295166,5
-62.618835,2.2934062,4
-19.566952,-8.827768,3
58.698048,-14.854053,1
13.121106,26.711441,2
-13.441362,-60.02958,6
-14.199534,47.42803,5
32.79321,37.856903,7
-47.440723,-1.2522721,4
-4.3098884,-50.34874,6
15.344868,-46.924637,6
14.3758745,61.672413,5
26.375849,-14.4825,1
45.511063,1.928231,7
34.527416,32.37643,7
-13.378629,-74.02744,4
32.507137,-31.15865,1
-11.943638,-43.081394,6
35.839626,47.434937,2
25.144865,-13.267845,2
44.136333,49.622673,2
-9.531732,-13.170227,3
65.16705,26.47215,2
-63.95606,15.968767,4
23.704899,-5.4097095,1
42.710606,45.67013,1
47.213097,-25.798347,7
45.990807,-2.2582698,7
-10.658749,37.914444,5
50.34479,-6.408075,1
-2.7677019,57.909164,1
-8.160201,-54.07414,6
35.42083,31.735998,7
20.763037,10.175707,7
62.893394,30.420757,7
50.766174,25.078278,1
-27.701582,33.51994,6
0.081252165,-67.91225,6
-26.674109,21.468443,5
9.150279,62.90168,2
42.779816,53.541817,2
-78.12967,6.838753,6
36.90179,32.32898,7
12.9603615,19.33135,7
20.164871,-5.8528466,1
-74.621475,-22.86049,4
-54.70336,-34.648895,4
-73.79702,-18.779713,4
-15.296463,-30.23749,3
13.223059,19.255259,7
24.71987,64.345314,5
-39.249435,-22.007097,6
18.280128,-41.739864,6
-4.0968175,-24.142221,3
63.940895,10.037743,2
-30.229877,-58.197205,4
36.371998,55.812927,1
75.8763,25.91813,5
17.426447,-20.713448,5
11.764898,63.654846,5
14.183267,-17.791895,1
5.335999,-56.153507,3
-24.95986,-56.872696,4
23.670034,-38.18773,6
35.40511,2.7819688,7
26.389914,-33.828537,2
67.76661,33.33215,2
-57.490894,-26.0316,4
-4.2003584,-28.874025,6
6.037029,68.81237,5
-6.0067463,-50.70606,3
18.827621,68.54493,5
-3.3350515,-74.35164,6
13.702053,-44.432034,5
-68.016365,-20.292442,4
4.4172573,50.188744,1
-31.712929,-0.13751641,3
-24.077179,-62.971855,6
-20.130222,-11.7156315,3
12.425768,-5.3952856,1
-65.59035,-0.45779026,4
26.116749,0.7568498,7
-19.10701,-38.185757,6
-49.182987,-23.377493,4
-23.378098,31.28054,1
-7.7269144,31.78822,5
53.58889,28.963562,2
-17.68122,-9.315965,3
19.260258,26.812397,1
-21.200539,-34.612694,4
-4.012783,-2.3012936,2
-69.09946,-11.875699,4
13.188284,-7.32944,7
0.92199033,-67.352264,6
4.3497996,-27.194565,5
-56.342075,13.305874,4
-7.133673,-14.132949,3
33.21159,38.266197,7
10.550291,25.942606,1
-59.673843,14.617489,3
-12.317209,-65.190765,3
52.79814,21.924494,1
-47.08283,-33.31407,4
-1.8609602,-65.70481,4
-3.5688577,56.425766,7
-11.273268,-48.761944,4
53.02331,51.838696,2
-11.893297,-51.152393,3
41.170635,28.191711,1
43.924522,52.147705,2
-59.224514,13.915715,6
64.61429,-19.673138,1
32.12611,-8.9379835,7
18.30048,40.894093,1
59.468384,-7.6047344,5
32.36195,-47.345467,1
-74.57834,-12.381322,4
66.2201,-9.739663,7
8.571915,-17.77182,2
-12.491428,-44.102985,3
29.05667,-14.074353,7
12.394056,-5.4380155,2
4.225433,-32.43768,3
-33.933395,-21.779991,3
53.52578,28.234726,2
50.734085,25.049261,1
-39.873524,-33.99266,4
13.3626995,-8.355094,7
-1.5386876,-75.67809,6
-17.74744,-56.694168,6
42.29949,-26.489084,1
-40.487846,-33.352688,4
5.568279,41.01492,7
62.574787,30.783007,7
-16.35317,12.348011,2
0.33970788,-22.0333,6
40.794895,-22.374975,1
-66.02025,-8.130304,4
-10.357767,-66.77185,3
20.1297,-24.043493,1
-20.41395,-4.055269,5
31.592289,57.72933,2
51.771023,50.205193,2
-20.545082,45.32975,5
-14.749708,-62.519833,6
43.63801,52.97764,2
24.168728,-12.908938,7
-29.512424,-56.205116,4
16.26862,16.68969,7
-55.02865,17.109522,6
1.4006143,27.038425,7
65.58783,0.6640177,2
44.684853,-7.768141,7
3.8135493,22.032818,7
67.2201,-3.1812801,2
-10.362012,25.93043,5
12.909608,-7.5692534,7
52.616024,54.19481,2
32.72961,34.910408,7
21.979002,-21.897585,1
16.649,-25.812366,5
10.791577,-17.461226,2
39.274876,53.04283,5
-29.924717,-44.17906,4
-31.711725,-57.09625,4
8.1943,72.58123,5
-61.408424,8.198075,6
-33.755783,30.313644,6
-33.939075,-56.647095,4
-63.51958,0.14743318,3
9.768626,10.819353,1
13.911706,-7.581009,7
8.859756,-38.77052,3
-47.662945,-0.78457713,4
20.993708,7.4596853,1
-1.9959633,20.402681,5
-19.471064,6.320514,5
-39.798573,26.364862,2
58.85531,7.8099833,7
77.23076,37.25912,2
-58.749516,21.303019,6
-10.565807,-55.98212,6
-1.5718786,2.034302,5
22.819078,43.19362,2
-76.02743,-3.2225473,4
-17.142359,-0.36219537,6
58.633156,17.951927,2
-8.324224,-68.06593,3
12.950892,-23.380116,2
-74.97066,-3.576672,4
-52.137264,-20.491447,3
1.7519819,-12.950002,5
10.1949625,20.722158,7
-47.447086,-26.939676,4
-25.505486,20.15357,6
10.980773,-36.88837,5
59.399097,35.086662,7
1.8282274,-74.50316,3
-61.299576,8.058435,6
-0.048714057,-13.5072365,5
48.65631,-26.577806,7
68.33182,21.889984,1
21.059574,-33.578564,1
18.725838,29.947308,7
-18.579914,-44.6631,4
9.109372,-36.052567,5
34.13736,1.3063334,7
-40.327106,-19.225857,3
-68.149956,10.619829,6
5.76249,49.186344,7
-57.585476,-25.385817,3
-13.004321,-21.724737,3
-49.81466,-22.254423,4
54.07866,24.530598,1
-49.91483,12.473233,3
-5.281447,-49.205433,3
-68.57586,12.610882,4
-76.524475,0.23980801,4
29.507158,-1.4256806,1
20.482756,8.016345,7
-32.821552,2.2698505,3
-15.645897,13.572708,2
-79.265114,1.2193047,4
49.858833,17.80288,1
-27.349758,1.4507828,3
-34.7224,32.647472,3
-69.54036,-7.3413157,4
15.826169,-24.355963,5
66.26663,19.721144,2
-4.8407164,-73.74399,4
44.14665,-31.136465,1
17.91884,-29.89603,5
-18.281155,-13.716606,3
15.091731,-21.17737,1
-37.08518,-34.870674,4
-56.377045,25.297537,3
-10.4207735,-57.43024,6
43.852364,44.805626,1
-30.870802,21.514034,6
50.878338,17.99559,5
-66.96478,-26.518257,4
32.02912,-1.5450163,1
24.146023,61.903458,5
-39.760155,-22.092527,6
0.054928217,44.01929,7
-8.931745,-6.479261,3
-56.615376,-17.712463,4
61.675827,14.081227,2
34.610718,-19.255466,7
1.0349588,31.877808,7
46.882095,-26.745247,7
-2.1109679,20.478828,5
-10.9219,15.722031,1
3.6408587,30.287437,7
6.7532716,-67.56028,6
50.773983,17.032312,5
-4.2386394,11.76345,3
57.681816,16.956305,1
25.729969,-28.328112,7
-63.625088,10.729225,4
17.926548,69.60896,5
65.97051,0.2895556,2
8.551898,78.15335,5
50.649986,18.737726,5
13.259863,63.498226,2
-69.52059,7.7819033,6
60.216465,35.291275,7
-3.360001,-21.629068,3
-7.456056,44.763054,7
6.591706,-22.437449,5
-56.88033,3.9229553,4
18.83601,30.024593,7
43.58422,-8.093048,7
-9.15325,1.9547831,5
75.79187,26.315918,5
-18.553263,-49.513645,3
65.452446,22.536844,1
-3.7166922,-64.352005,6
1.0008022,44.976105,7
74.78043,36.635384,5
-4.7219296,-8.203266,6
-2.9818742,-59.05527,6
13.10106,36.42614,7
28.232244,7.85107,7
36.04553,-20.977549,1
13.7122345,-23.658182,2
-38.45587,27.29903,6
-16.88303,-71.850174,4
-15.934203,52.01968,5
29.325779,1.6568614,2
4.803592,29.394152,7
27.733086,23.18047,7
-60.79072,22.77275,3
-31.945004,-57.91098,4
20.009085,6.1203866,7
-9.200868,-6.4634933,3
61.13567,13.478704,2
47.225697,39.2481,2
-7.7549963,44.78972,7
60.454453,32.43436,7
4.1493273,35.92377,7
10.132138,-36.38037,5
13.119894,-8.105627,7
47.98787,-26.112173,7
-29.630863,21.627438,6
-54.89693,-2.4455936,4
-42.897686,-41.23189,4
-1.2768995,11.155224,2
-80.73649,-12.716001,4
-35.45877,-21.571695,4
-27.28978,-63.667576,4
-25.346905,-36.9732,4
-21.576593,-16.795187,3
8.559555,32.060444,7
66.57623,15.361678,2
-23.990326,-57.41853,6
-68.061485,10.015563,4
13.525416,-14.827015,2
5.3976407,-63.5192,3
9.474255,73.5308,5
2.88117,-58.866787,6
22.500118,-21.147196,1
-67.4964,-9.116492,4
-14.612369,22.69919,2
64.39003,11.611621,2
5.1210685,-63.345104,6
19.006495,-12.863156,1
-29.40305,11.102979,6
1.3571854,18.099773,2
0.4395619,-68.373695,6
58.664337,-15.012763,1
27.914015,-8.358505,2
14.333463,68.1331,5
-48.00804,-1.6983968,4
4.341257,35.837856,7
-15.175598,-46.073097,6
69.35415,23.230827,2
-67.0032,-26.383926,4
-8.783193,-73.15343,4
15.197098,44.615364,1
29.797503,39.238197,7
75.601364,36.26383,5
-5.4643526,-62.698837,3
-37.877254,-21.589537,6
-23.880753,-62.516327,4
-30.370363,27.906628,6
10.921038,60.04785,1
-56.539295,-18.175308,4
-34.012817,2.8684688,3
2.379477,1.6408478,5
-9.149236,-65.099335,6
23.914358,-43.22826,6
-3.2444096,38.30767,7
37.314564,45.65184,1
22.526459,7.9580045,7
17.856108,37.821365,7
1.6554186,-22.719303,2
-55.5003,-16.92024,4
-15.628065,39.11575,3
10.779959,-6.552568,7
29.82499,-14.140561,7
-67.39564,5.048119,3
61.497322,-6.174635,1
18.179504,-16.141483,5
-30.114687,-8.654057,3
-8.608187,44.362564,7
31.57062,48.123466,1
61.188335,-11.286849,1
24.796135,-48.664047,6
15.738465,64.55048,5
17.48684,-41.50123,6
75.753624,33.91847,2
22.109097,-3.0568316,2
19.739977,24.82151,1
61.711174,-4.31438,2
-3.8385463,12.872125,2
-16.661972,52.328564,5
-2.6338754,-67.04042,6
-47.11171,-14.898504,4
-21.068226,26.064772,6
64.32933,24.343925,2
-67.8233,-15.166136,3
-36.811268,27.12749,6
-13.946196,23.600122,1
43.713234,33.14517,7
-3.0406897,-70.25349,6
31.6467,-38.99945,2
-7.952667,-1.0390131,5
13.001398,21.254059,7
-56.11807,12.984313,4
23.51235,-30.648127,5
51.492813,51.167515,2
-68.532074,-20.859615,4
-3.017664,1.5896693,5
24.584513,-15.7508,2
-21.298355,-3.1570332,3
-75.18496,-20.74895,4
70.0509,23.594845,1
-10.779489,52.76084,5
45.401386,49.980576,1
-21.939108,-13.202495,3
43.819096,39.034336,2
54.60282,34.65718,7
55.522476,-18.841415,2
-20.237196,-33.43092,4
-59.1744,0.9645643,4
11.8288145,-69.05503,3
22.093058,-26.813549,1
-21.07833,26.0987,3
-27.678102,1.0496904,3
34.004738,25.927704,1
-18.281528,-13.931555,3
36.14834,-13.527077,7
-39.988377,-33.503967,4
68.674255,27.076534,1
-20.789145,10.063949,5
43.999474,47.17779,5
-42.0328,-42.31029,4
72.40603,28.878265,2
-12.689767,40.61857,2
-69.293335,-0.66723853,3
-1.8149308,-61.01886,6
-65.20586,-0.32688096,4
-29.903185,-56.06235,4
11.294789,-11.320558,1
-9.514309,-11.801338,3
42.666073,43.577778,2
-59.704987,12.552608,4
-4.6433907,-65.44557,3
-69.57704,-22.979963,3
34.073887,25.179098,2
52.235836,43.74717,1
-70.60736,-16.248165,4
-8.755103,-59.074596,6
20.36953,3.0030866,5
-70.8908,-26.094704,4
-46.376797,1.5585772,6
67.12861,18.822134,2
-37.345158,26.52353,6
43.482372,20.298128,7
-21.972801,15.105783,3
13.752905,-8.142618,7
-9.84465,-15.987834,3
24.17834,-25.499977,1
-24.046423,29.416212,2
-8.417606,22.266972,1
-18.08545,-33.139645,4
-46.77535,-34.16393,4
-10.819119,5.013952,5
43.322727,20.7925,7
-55.415646,15.59588,6
14.641428,38.64618,7
21.777197,-33.65206,1
54.528545,35.737984,7
-43.624767,-44.52696,4
39.285427,59.275593,5
23.83853,8.582474,7
32.556263,32.81696,7
46.64222,-24.618265,7
27.97065,-40.877045,2
